Rk,I,Player,Split,Year,G,HR,GS,PA,AB,R,H,2B,3B,RBI,SB,CS,BB,SO,BA,OBP,SLG,OPS,TB,GDP,HBP,SH,SF,IBB,ROE,BAbip,tOPS+,sOPS+,Player-additional
1,,Kyle Schwarber,vs LHP,2025,130,23,,276,234,38,59,8,2,46,1,2,36,77,0.252,0.366,0.598,0.964,140,3,6,0,0,0,0,0.269,107,170,schwaky01
2,,Cal Raleigh,vs LHP,2025,88,22,,205,185,36,52,8,0,39,7,3,18,61,0.281,0.351,0.681,1.032,126,2,2,0,0,1,1,0.294,113,186,raleica01
3,,Aaron Judge,vs LHP,2025,77,16,,161,123,48,42,7,0,30,3,2,37,37,0.341,0.491,0.789,1.279,97,6,0,0,1,22,0,0.366,122,259,judgeaa01
4,,Shohei Ohtani,vs LHP,2025,113,15,,244,222,29,62,8,4,33,1,3,22,67,0.279,0.344,0.554,0.898,123,5,0,0,0,1,2,0.336,77,152,ohtansh01
5,,Junior Caminero,vs LHP,2025,91,13,,192,176,30,44,5,0,33,2,0,12,31,0.25,0.297,0.5,0.797,88,5,1,0,3,1,4,0.23,89,123,caminju01
6,,Eugenio Suárez,vs LHP,2025,83,13,,184,159,25,26,7,0,23,0,0,20,57,0.164,0.261,0.453,0.714,72,1,2,0,3,1,2,0.141,74,99,suareeu01
7,,Manny Machado,vs LHP,2025,77,12,,187,164,33,41,4,0,23,6,2,20,36,0.25,0.332,0.494,0.825,81,2,1,0,2,3,0,0.246,107,133,machama01
8,,James Wood,vs LHP,2025,114,12,,227,209,26,58,9,0,34,4,2,17,71,0.278,0.33,0.493,0.823,103,7,0,0,1,1,0,0.362,98,132,woodja03
9,,Yandy Díaz,vs LHP,2025,82,11,,181,158,31,45,10,0,21,0,0,19,16,0.285,0.365,0.557,0.922,88,2,2,0,2,2,1,0.256,115,159,diazya01
10,,Juan Soto,vs LHP,2025,121,11,,247,208,29,50,7,1,39,11,0,32,59,0.24,0.341,0.442,0.784,92,7,2,1,4,0,2,0.275,70,122,sotoju01
11,,Willy Adames,vs LHP,2025,88,10,,180,159,24,32,4,1,21,2,0,18,54,0.201,0.278,0.428,0.705,68,0,0,0,3,0,0,0.224,89,98,adamewi01
12,,Byron Buxton,vs LHP,2025,58,10,,123,108,29,33,8,1,19,5,0,13,24,0.306,0.374,0.676,1.05,73,0,0,0,2,3,1,0.303,137,192,buxtoby01
13,,Bryce Harper,vs LHP,2025,111,10,,229,209,29,57,13,0,32,4,1,19,50,0.273,0.336,0.478,0.815,100,2,1,0,0,0,1,0.315,92,130,harpebr03
14,,Shea Langeliers,vs LHP,2025,61,10,,123,120,17,44,6,0,24,2,0,2,26,0.367,0.374,0.667,1.041,80,2,0,0,1,0,0,0.4,140,190,langesh01
15,,Julio Rodríguez,vs LHP,2025,77,10,,186,172,33,44,9,1,24,5,1,14,45,0.256,0.312,0.494,0.806,85,3,0,0,0,4,3,0.291,101,126,rodriju01
16,,Seiya Suzuki,vs LHP,2025,98,10,,184,152,18,36,8,0,27,1,0,28,43,0.237,0.348,0.487,0.835,74,2,0,0,4,1,0,0.252,109,136,suzukse01
17,,Spencer Torkelson,vs LHP,2025,96,10,,190,159,24,42,10,0,27,1,0,28,42,0.264,0.368,0.516,0.884,82,1,0,0,3,6,1,0.291,124,150,torkesp01
18,,Pete Alonso,vs LHP,2025,105,9,,204,181,19,41,8,0,23,1,0,18,61,0.227,0.309,0.42,0.729,76,4,4,0,1,4,1,0.286,69,106,alonspe01
19,,Randy Arozarena,vs LHP,2025,93,9,,203,186,28,45,11,1,27,2,2,11,51,0.242,0.296,0.457,0.753,85,3,4,0,2,0,1,0.281,96,112,arozara01
20,,Rafael Devers,vs LHP,2025,116,9,,240,212,26,51,10,0,38,0,1,22,65,0.241,0.325,0.415,0.74,88,7,5,0,1,3,1,0.302,74,110,deverra01
21,,Iván Herrera,vs LHP,2025,62,9,,124,97,16,32,5,0,22,1,1,19,18,0.33,0.455,0.66,1.115,64,5,5,0,2,1,0,0.319,164,214,herreiv01
22,,Nick Kurtz,vs LHP,2025,75,9,,153,137,21,27,4,0,22,0,0,12,54,0.197,0.261,0.423,0.685,58,0,1,0,3,0,2,0.234,37,92,kurtzni01
23,,Ramón Laureano,vs LHP,2025,77,9,,159,142,27,40,7,0,24,2,1,13,31,0.282,0.346,0.521,0.867,74,3,2,0,2,1,1,0.298,103,144,laurera01
24,,Ketel Marte,vs LHP,2025,74,9,,184,159,31,44,11,0,23,2,2,21,25,0.277,0.375,0.516,0.891,82,3,4,0,0,4,0,0.28,100,152,marteke01
25,,Cody Bellinger,vs LHP,2025,93,8,,176,153,30,54,10,2,36,5,2,18,17,0.353,0.415,0.601,1.016,92,3,1,0,4,0,1,0.348,150,186,bellico01
26,,Corbin Carroll,vs LHP,2025,96,8,,201,179,21,44,11,4,27,12,0,18,44,0.246,0.323,0.486,0.809,87,2,3,0,1,1,0,0.281,84,128,carroco02
27,,Freddie Freeman,vs LHP,2025,97,8,,175,158,20,45,9,1,19,2,0,14,42,0.285,0.349,0.506,0.855,80,4,2,0,1,1,1,0.339,96,141,freemfr01
28,,Hunter Goodman,vs LHP,2025,68,8,,140,128,30,36,9,1,26,0,0,11,34,0.281,0.343,0.555,0.898,71,5,1,0,0,0,2,0.326,113,152,goodmhu01
29,,Brandon Nimmo,vs LHP,2025,111,8,,204,184,20,48,4,0,30,5,0,12,49,0.261,0.319,0.413,0.732,76,3,5,0,3,0,0,0.308,93,108,nimmobr01
30,,Corey Seager,vs LHP,2025,78,8,,149,135,17,30,5,0,14,1,0,11,37,0.222,0.295,0.437,0.732,59,3,3,0,0,1,2,0.244,69,106,seageco01
31,,George Springer,vs LHP,2025,70,8,,149,122,21,31,3,0,17,1,0,21,31,0.254,0.361,0.475,0.836,58,4,1,0,3,1,0,0.267,75,137,springe01
32,,Kyle Tucker,vs LHP,2025,108,8,,193,167,23,45,6,1,28,6,1,23,31,0.269,0.365,0.461,0.826,77,0,2,0,0,0,0,0.289,96,135,tuckeky01
33,,Jo Adell,vs LHP,2025,51,7,,104,94,15,26,6,1,18,0,0,10,24,0.277,0.346,0.585,0.931,55,1,0,0,0,0,0,0.302,139,160,adelljo01
34,,Jose Altuve,vs LHP,2025,58,7,,124,111,17,29,2,0,16,1,1,12,28,0.261,0.331,0.468,0.799,52,4,0,0,1,1,1,0.286,107,126,altuvjo01
35,,Mookie Betts,vs LHP,2025,92,7,,187,165,19,43,6,0,21,2,2,17,19,0.261,0.326,0.424,0.75,70,4,1,0,4,2,1,0.252,104,113,bettsmo01
36,,Bo Bichette,vs LHP,2025,67,7,,139,130,21,40,10,0,31,1,1,7,14,0.308,0.345,0.546,0.891,71,5,1,0,1,2,1,0.3,110,150,bichebo01
37,,Jackson Chourio,vs LHP,2025,74,7,,149,137,29,47,10,1,29,10,4,11,33,0.343,0.389,0.584,0.973,80,3,0,0,1,1,2,0.408,152,174,chourja01
38,,Pete Crow-Armstrong,vs LHP,2025,109,7,,188,170,16,32,9,1,27,5,2,5,55,0.188,0.217,0.376,0.594,64,0,3,4,6,0,0,0.219,54,65,crowape01
39,,Tommy Edman,vs LHP,2025,60,7,,122,116,23,25,5,0,18,0,0,4,22,0.216,0.254,0.44,0.694,51,2,2,0,0,0,3,0.207,108,94,edmanto01
40,,Paul Goldschmidt,vs LHP,2025,82,7,,168,149,26,50,14,0,16,3,0,17,19,0.336,0.411,0.57,0.981,85,2,2,0,0,5,1,0.35,167,177,goldspa01
41,,Romy Gonzalez,vs LHP,2025,60,7,,143,130,25,43,10,2,25,0,1,11,32,0.331,0.378,0.6,0.978,78,5,0,0,2,1,2,0.387,134,174,gonzaro01
42,,Randal Grichuk,vs LHP,2025,96,7,,183,172,20,39,12,1,18,0,1,11,44,0.227,0.273,0.43,0.703,74,4,0,0,0,1,1,0.264,107,97,grichra01
43,,Trent Grisham,vs LHP,2025,87,7,,155,132,20,24,1,0,18,0,1,21,41,0.182,0.303,0.348,0.652,46,4,2,0,0,0,2,0.202,62,86,grishtr01
44,,Jahmai Jones,vs LHP,2025,61,7,,122,104,18,30,9,0,17,1,0,15,28,0.288,0.393,0.577,0.97,60,3,3,0,0,1,1,0.333,107,173,jonesja08
45,,Francisco Lindor,vs LHP,2025,105,7,,227,200,34,47,5,0,26,14,1,20,30,0.235,0.317,0.365,0.682,73,2,5,0,2,0,1,0.242,70,95,lindofr01
46,,Sean Murphy,vs LHP,2025,55,7,,116,96,13,19,5,0,19,0,0,18,38,0.198,0.336,0.469,0.805,45,4,2,0,0,1,1,0.235,127,127,murphse01
47,,Zach Neto,vs LHP,2025,54,7,,110,100,17,23,6,0,11,4,0,7,35,0.23,0.291,0.5,0.791,50,2,2,0,1,4,0,0.271,97,121,netoza01
48,,Ceddanne Rafaela,vs LHP,2025,87,7,,163,150,30,33,6,1,22,2,2,7,33,0.22,0.265,0.413,0.679,62,0,3,1,2,0,0,0.232,90,90,rafaece01
49,,Rob Refsnyder,vs LHP,2025,57,7,,138,116,20,35,9,0,25,0,0,19,32,0.302,0.399,0.56,0.959,65,4,1,0,2,1,2,0.354,128,171,refsnro01
50,,Ben Rice,vs LHP,2025,67,7,,119,106,17,22,6,1,18,1,0,10,33,0.208,0.271,0.481,0.752,51,4,0,0,2,0,0,0.221,77,110,ricebe01
51,,Trevor Story,vs LHP,2025,87,7,,170,159,26,41,6,0,29,9,0,9,41,0.258,0.306,0.428,0.734,68,0,2,0,0,1,3,0.306,98,107,storytr01
52,,Dansby Swanson,vs LHP,2025,73,7,,138,129,23,37,4,1,15,3,1,9,40,0.287,0.333,0.496,0.829,64,1,0,0,0,1,2,0.366,130,133,swansda01
53,,Gleyber Torres,vs LHP,2025,88,7,,173,143,29,40,11,0,28,2,1,28,22,0.28,0.393,0.503,0.897,72,3,0,0,2,0,0,0.284,140,154,torregl01
54,,Taylor Ward,vs LHP,2025,57,7,,116,103,15,27,11,0,18,0,0,13,33,0.262,0.345,0.573,0.918,59,2,0,0,0,1,0,0.317,130,157,wardta01
55,,Harrison Bader,vs LHP,2025,77,6,,157,141,16,32,5,0,16,4,3,12,56,0.227,0.299,0.39,0.689,55,1,3,0,1,0,0,0.325,73,95,baderha01
56,,Andrew Benintendi,vs LHP,2025,56,6,,92,87,12,24,5,1,16,0,0,1,21,0.276,0.286,0.563,0.849,49,2,1,0,2,0,0,0.29,124,135,beninan01
57,,Jazz Chisholm Jr.,vs LHP,2025,83,6,,147,129,16,32,3,0,19,3,3,11,36,0.248,0.322,0.411,0.733,53,1,4,1,2,0,2,0.292,82,108,chishja01
58,,Ernie Clement,vs LHP,2025,97,6,,187,175,28,57,19,1,18,2,0,8,19,0.326,0.351,0.549,0.9,96,0,0,2,2,1,0,0.336,150,153,clemeer01
59,,Yainer Diaz,vs LHP,2025,60,6,,120,113,13,29,2,0,16,0,0,6,25,0.257,0.292,0.434,0.725,49,3,0,0,1,2,2,0.277,107,104,diazya02
60,,Kyle Farmer,vs LHP,2025,58,6,,123,111,12,28,3,0,14,0,0,11,25,0.252,0.325,0.441,0.767,49,4,1,0,0,0,0,0.275,137,117,farmeky01
61,,Wilmer Flores,vs LHP,2025,68,6,,151,140,14,33,3,0,20,1,0,9,29,0.236,0.285,0.386,0.67,54,4,1,0,1,0,0,0.255,95,90,florewi01
62,,David Fry,vs LHP,2025,60,6,,120,113,10,20,4,0,20,1,0,5,44,0.177,0.225,0.372,0.597,42,2,2,0,0,0,0,0.222,101,67,fryda01
63,,Vladimir Guerrero Jr.,vs LHP,2025,70,6,,159,135,25,44,8,0,24,1,1,23,20,0.326,0.428,0.519,0.946,70,2,1,0,0,4,0,0.349,124,170,guerrvl02
64,,Enrique Hernández,vs LHP,2025,60,6,,108,94,17,19,2,0,22,0,0,10,24,0.202,0.269,0.415,0.683,39,6,0,0,4,0,0,0.191,119,92,hernaen02
65,,Teoscar Hernández,vs LHP,2025,58,6,,126,120,16,30,8,0,17,2,2,5,22,0.25,0.286,0.467,0.752,56,5,1,0,0,0,1,0.261,104,111,hernate01
66,,Dylan Moore,vs LHP,2025,71,6,,132,114,14,19,0,0,13,2,2,15,50,0.167,0.265,0.325,0.59,37,0,1,0,2,0,1,0.217,86,68,mooredy01
67,,Christopher Morel,vs LHP,2025,77,6,,159,145,11,32,8,0,21,1,2,14,56,0.221,0.289,0.4,0.689,58,4,0,0,0,0,2,0.313,101,95,morelch01
68,,Josh Naylor,vs LHP,2025,93,6,,192,181,17,52,7,1,29,15,1,9,34,0.287,0.323,0.436,0.759,79,7,1,0,1,0,1,0.324,86,115,naylojo01
69,,Matt Olson,vs LHP,2025,98,6,,216,196,22,55,15,1,30,0,0,16,60,0.281,0.333,0.459,0.793,90,4,1,0,3,1,0,0.368,86,124,olsonma02
70,,Vinnie Pasquantino,vs LHP,2025,87,6,,164,151,13,32,5,0,33,0,0,8,39,0.212,0.25,0.364,0.614,55,3,1,0,4,0,1,0.236,54,73,pasquvi01
71,,Geraldo Perdomo,vs LHP,2025,105,6,,219,185,23,63,7,1,29,9,1,26,15,0.341,0.416,0.486,0.902,90,3,0,5,3,0,2,0.341,112,157,perdoge01
72,,Agustín Ramírez,vs LHP,2025,83,6,,166,150,18,32,3,1,14,4,2,13,43,0.213,0.283,0.367,0.65,55,4,2,0,1,2,1,0.255,88,84,ramirag01
73,,José Ramírez,vs LHP,2025,95,6,,196,174,26,56,11,2,26,17,3,18,18,0.322,0.385,0.511,0.896,89,5,1,0,2,7,1,0.329,109,154,ramirjo01
74,,Bryan Reynolds,vs LHP,2025,91,6,,167,148,18,38,9,0,17,1,0,18,49,0.257,0.335,0.439,0.775,65,6,0,0,1,0,1,0.34,115,119,reynobr01
75,,Luis Robert Jr.,vs LHP,2025,55,6,,113,93,15,24,2,0,16,13,1,16,22,0.258,0.369,0.473,0.842,44,1,1,0,1,3,1,0.273,154,139,roberlu01
76,,Miguel Rojas,vs LHP,2025,72,6,,135,122,21,36,9,0,16,2,0,13,17,0.295,0.363,0.516,0.879,63,3,0,0,0,1,0,0.303,144,148,rojasmi02
77,,Matt Shaw,vs LHP,2025,64,6,,110,100,18,25,4,1,14,3,2,10,22,0.25,0.318,0.49,0.808,49,1,0,0,0,0,0,0.264,132,127,shawma01
78,,Edmundo Sosa,vs LHP,2025,57,6,,116,107,12,34,5,0,16,1,0,6,28,0.318,0.362,0.533,0.895,57,4,2,0,1,0,0,0.378,132,152,sosaed01
79,,Spencer Steer,vs LHP,2025,66,6,,129,118,16,27,6,0,19,0,1,11,33,0.229,0.295,0.432,0.727,51,2,0,0,0,0,1,0.266,100,105,steersp01
80,,Colby Thomas,vs LHP,2025,36,6,,69,61,15,15,3,0,16,2,1,6,25,0.246,0.304,0.59,0.895,36,0,0,0,2,0,1,0.281,155,148,thomaco03
81,,Austin Wells,vs LHP,2025,72,6,,137,125,15,30,6,1,28,4,0,8,35,0.24,0.285,0.448,0.733,56,6,1,0,3,0,0,0.276,106,106,wellsau01
82,,Jordan Beck,vs LHP,2025,62,5,,137,127,16,37,8,1,14,3,2,9,42,0.291,0.343,0.488,0.831,62,1,1,0,0,0,0,0.4,126,135,beckjo01
83,,Jake Burger,vs LHP,2025,54,5,,100,91,8,24,5,1,24,0,1,6,18,0.264,0.31,0.505,0.815,46,0,1,0,2,0,1,0.271,136,128,burgeja01
84,,Nick Castellanos,vs LHP,2025,85,5,,188,173,16,42,10,0,25,1,0,11,49,0.243,0.293,0.387,0.68,67,4,2,0,2,0,1,0.306,96,93,casteni01
85,,Willson Contreras,vs LHP,2025,67,5,,145,123,18,34,11,0,24,2,0,16,36,0.276,0.375,0.488,0.863,60,4,4,1,1,1,0,0.349,118,145,contrwi01
86,,Carlos Correa,vs LHP,2025,69,5,,140,125,13,34,6,0,15,0,0,15,25,0.272,0.35,0.44,0.79,55,4,0,0,0,0,0,0.305,115,125,correca01
87,,Colton Cowser,vs LHP,2025,53,5,,92,85,10,16,2,0,12,3,0,3,33,0.188,0.25,0.388,0.638,33,3,4,0,0,0,0,0.234,94,79,cowseco01
88,,Elly De La Cruz,vs LHP,2025,114,5,,210,199,25,47,6,0,26,6,2,11,61,0.236,0.276,0.342,0.618,68,4,0,0,0,2,2,0.316,60,76,delacel01
89,,Paul DeJong,vs LHP,2025,29,5,,69,65,6,12,2,0,11,1,0,3,28,0.185,0.217,0.446,0.664,29,2,0,0,1,0,0,0.212,100,83,dejonpa01
90,,Dillon Dingler,vs LHP,2025,60,5,,121,112,23,37,11,1,18,0,0,9,27,0.33,0.38,0.58,0.961,65,1,0,0,0,1,0,0.4,153,170,dingldi01
91,,Brenton Doyle,vs LHP,2025,59,5,,136,124,17,38,5,1,17,3,0,10,28,0.306,0.356,0.484,0.839,60,5,0,1,1,0,1,0.359,157,138,doylebr02
92,,Adolis García,vs LHP,2025,71,5,,145,136,13,27,6,0,19,2,1,8,44,0.199,0.248,0.353,0.601,48,1,1,0,0,1,1,0.253,81,70,garciad02
93,,Mitch Garver,vs LHP,2025,75,5,,156,133,16,31,4,1,18,2,0,18,37,0.233,0.327,0.391,0.718,52,4,2,0,3,1,1,0.277,124,105,garvemi01
94,,Nolan Gorman,vs LHP,2025,58,5,,93,82,12,18,3,0,17,1,0,10,25,0.22,0.301,0.439,0.74,36,0,0,0,1,0,1,0.245,120,109,gormano01
95,,Lourdes Gurriel Jr.,vs LHP,2025,71,5,,156,142,16,42,4,0,21,4,2,13,12,0.296,0.353,0.43,0.782,61,2,0,0,1,0,0,0.294,123,123,gurrilo01
96,,Ian Happ,vs LHP,2025,94,5,,182,160,20,37,7,0,19,1,1,21,42,0.231,0.319,0.369,0.687,59,3,0,0,1,0,0,0.281,81,97,happia01
97,,Danny Jansen,vs LHP,2025,65,5,,119,96,12,19,5,0,11,0,0,21,38,0.198,0.336,0.406,0.742,39,2,0,0,2,0,0,0.255,106,111,janseda01
98,,Josh Jung,vs LHP,2025,74,5,,146,140,23,35,7,0,20,2,0,6,31,0.25,0.281,0.407,0.688,57,4,0,0,0,0,1,0.288,100,94,jungjo01
99,,Carson Kelly,vs LHP,2025,66,5,,126,111,12,30,4,1,12,1,0,14,22,0.27,0.349,0.459,0.809,51,4,0,0,1,0,0,0.294,112,129,kellyca02
100,,Wyatt Langford,vs LHP,2025,80,5,,164,134,20,34,8,1,11,5,4,30,41,0.254,0.39,0.44,0.831,59,2,0,0,0,1,0,0.33,116,137,langfwy01
101,,Brooks Lee,vs LHP,2025,94,5,,178,169,13,45,4,0,20,1,0,6,37,0.266,0.298,0.379,0.676,64,3,2,0,1,0,1,0.313,107,92,leebr02
102,,Brandon Lowe,vs LHP,2025,80,5,,147,139,19,27,2,0,9,0,1,5,45,0.194,0.231,0.317,0.548,44,0,2,0,1,0,3,0.244,42,55,lowebr01
103,,Kyle Manzardo,vs LHP,2025,66,5,,95,86,10,16,3,1,14,1,0,7,25,0.186,0.253,0.419,0.671,36,2,1,0,1,0,0,0.193,73,88,manzaky01
104,,Angel Martínez,vs LHP,2025,77,5,,169,147,31,41,9,0,19,3,1,13,34,0.279,0.349,0.442,0.792,65,4,4,3,2,0,1,0.327,153,125,martian02
105,,Luis Matos,vs LHP,2025,38,5,,86,82,11,15,4,0,12,2,0,4,13,0.183,0.221,0.415,0.636,34,4,0,0,0,0,1,0.156,81,77,matoslu02
106,,Wenceel Pérez,vs LHP,2025,55,5,,108,98,14,28,6,2,16,0,1,7,23,0.286,0.324,0.541,0.865,53,0,0,0,3,0,0,0.315,131,142,perezwe01
107,,Jorge Polanco,vs LHP,2025,63,5,,114,105,19,32,10,0,19,4,1,7,20,0.305,0.345,0.543,0.888,57,1,0,1,1,0,0,0.333,116,149,polanjo01
108,,Heliot Ramos,vs LHP,2025,84,5,,189,169,26,43,13,0,17,3,1,15,49,0.254,0.323,0.42,0.743,71,3,3,0,2,2,1,0.325,104,111,ramoshe02
109,,Brent Rooker,vs LHP,2025,81,5,,161,140,22,41,14,0,15,3,0,21,26,0.293,0.385,0.5,0.885,70,1,0,0,0,4,0,0.33,119,151,rookebr01
110,,Austin Slater,vs LHP,2025,50,5,,93,85,14,19,1,1,8,1,0,8,28,0.224,0.29,0.435,0.726,37,3,0,0,0,0,2,0.269,124,104,slateau01
111,,Tyler Soderstrom,vs LHP,2025,81,5,,146,137,14,37,6,0,20,2,0,8,38,0.27,0.315,0.423,0.738,58,2,1,0,0,0,0,0.34,80,109,soderty01
112,,Lenyn Sosa,vs LHP,2025,73,5,,140,134,17,37,7,0,22,0,0,4,29,0.276,0.3,0.44,0.74,59,2,1,0,1,0,0,0.317,104,108,sosale01
113,,Giancarlo Stanton,vs LHP,2025,46,5,,78,65,7,18,3,0,24,0,0,13,24,0.277,0.397,0.554,0.951,36,2,0,0,0,3,0,0.361,107,169,stantmi03
114,,Fernando Tatis Jr.,vs LHP,2025,77,5,,185,153,24,35,4,1,12,8,2,31,34,0.229,0.357,0.366,0.723,56,4,0,0,1,6,1,0.261,79,108,tatisfe02
115,,Michael A. Taylor,vs LHP,2025,72,5,,139,131,10,29,13,1,21,3,2,4,51,0.221,0.241,0.45,0.691,59,2,0,2,2,1,0,0.312,116,92,taylomi02
116,,Mark Vientos,vs LHP,2025,67,5,,136,128,13,32,9,1,17,0,0,7,31,0.25,0.287,0.453,0.74,58,3,0,0,1,0,0,0.29,109,108,vientma01
117,,Eric Wagaman,vs LHP,2025,90,5,,184,173,22,49,14,1,26,1,0,10,36,0.283,0.321,0.462,0.783,80,3,0,0,1,0,1,0.331,131,121,wagamer01
118,,Jordan Westburg,vs LHP,2025,50,5,,108,101,14,27,2,0,13,0,0,5,22,0.267,0.306,0.436,0.741,44,0,1,0,1,0,1,0.293,93,109,westbjo01
119,,Eli White,vs LHP,2025,52,5,,96,90,18,22,3,0,15,3,1,6,24,0.244,0.292,0.444,0.736,40,1,0,0,0,1,0,0.279,118,107,whiteel04
120,,CJ Abrams,vs LHP,2025,96,4,,200,186,22,43,6,1,13,11,0,8,53,0.231,0.28,0.339,0.619,63,1,5,0,1,0,0,0.3,67,76,abramcj01
121,,Ronald Acuña Jr.,vs LHP,2025,58,4,,125,99,16,25,5,0,10,0,1,26,36,0.253,0.408,0.424,0.832,42,2,0,0,0,1,0,0.356,80,139,acunaro01
122,,Ozzie Albies,vs LHP,2025,93,4,,186,177,23,49,10,1,19,1,0,6,18,0.277,0.296,0.412,0.708,73,4,0,0,3,1,2,0.285,110,100,albieoz01
123,,Miguel Andujar,vs LHP,2025,44,4,,93,90,9,35,5,0,11,0,0,3,16,0.389,0.409,0.578,0.986,52,3,0,0,0,1,0,0.443,139,179,andujmi01
124,,Roman Anthony,vs LHP,2025,47,4,,98,90,10,25,2,0,11,0,0,8,38,0.278,0.337,0.433,0.77,39,0,0,0,0,0,0,0.438,79,119,anthoro01
125,,Gabriel Arias,vs LHP,2025,71,4,,135,128,13,27,10,2,11,2,1,7,51,0.211,0.252,0.414,0.666,53,3,0,0,0,1,2,0.315,106,86,ariasga01
126,,Luis Arráez,vs LHP,2025,84,4,,204,183,19,48,4,0,18,0,0,8,10,0.262,0.294,0.35,0.644,64,3,1,10,2,0,0,0.257,79,84,arraelu01
127,,Drake Baldwin,vs LHP,2025,66,4,,95,87,13,26,2,0,17,0,0,7,15,0.299,0.358,0.46,0.818,40,1,1,0,0,0,1,0.324,103,132,baldwdr01
128,,Josh Bell,vs LHP,2025,73,4,,120,106,10,16,2,1,10,0,1,14,28,0.151,0.25,0.302,0.552,32,6,0,0,0,0,1,0.162,48,57,belljo02
129,,Alec Bohm,vs LHP,2025,63,4,,134,122,15,36,9,0,17,1,0,10,20,0.295,0.351,0.467,0.818,57,5,1,0,1,0,2,0.323,120,132,bohmal01
130,,Michael Busch,vs LHP,2025,67,4,,95,87,9,18,2,0,8,0,0,7,26,0.207,0.274,0.368,0.642,32,0,1,0,0,0,1,0.246,50,82,buschmi02
131,,Lawrence Butler,vs LHP,2025,74,4,,123,117,11,22,4,1,8,3,4,6,49,0.188,0.228,0.342,0.57,40,1,0,0,0,0,0,0.281,59,60,butlela01
132,,José Caballero,vs LHP,2025,65,4,,123,104,19,26,7,1,16,11,2,17,36,0.25,0.361,0.452,0.813,47,0,1,1,0,0,1,0.344,137,131,cabaljo01
133,,Alex Call,vs LHP,2025,60,4,,119,105,20,30,5,0,15,2,0,8,22,0.286,0.328,0.448,0.775,47,1,0,3,3,0,0,0.317,107,120,callal02
134,,Alexander Canario,vs LHP,2025,54,4,,108,99,10,19,3,0,9,0,0,8,37,0.192,0.25,0.343,0.593,34,1,0,0,1,0,1,0.254,93,68,canaral01
135,,Willi Castro,vs LHP,2025,66,4,,113,104,14,26,6,1,11,2,0,6,22,0.25,0.31,0.442,0.752,46,5,3,0,0,0,0,0.282,120,112,castrwi01
136,,Isaac Collins,vs LHP,2025,73,4,,145,125,16,29,8,1,18,3,2,14,30,0.232,0.324,0.408,0.732,51,5,4,0,2,0,1,0.269,87,108,colliis01
137,,J.P. Crawford,vs LHP,2025,107,4,,213,183,17,43,8,0,20,3,0,25,40,0.235,0.333,0.344,0.678,63,2,2,3,0,0,0,0.281,88,95,crawfjp01
138,,Caleb Durbin,vs LHP,2025,68,4,,133,120,17,31,4,0,13,3,1,7,7,0.258,0.326,0.392,0.717,47,1,5,1,0,0,1,0.248,99,105,durbica01
139,,TJ Friedl,vs LHP,2025,96,4,,198,173,21,42,3,1,13,4,1,18,35,0.243,0.33,0.341,0.671,59,3,5,1,1,0,4,0.281,81,93,friedtj01
140,,Riley Greene,vs LHP,2025,107,4,,200,179,17,39,8,0,28,1,0,17,60,0.218,0.29,0.33,0.62,59,6,2,0,2,0,2,0.299,60,77,greenri03
141,,Jonah Heim,vs LHP,2025,70,4,,132,119,15,25,3,0,10,1,0,10,31,0.21,0.265,0.336,0.601,40,1,0,0,3,0,0,0.241,99,71,heimjo01
142,,Heriberto Hernández,vs LHP,2025,56,4,,124,108,12,28,7,0,15,0,0,15,36,0.259,0.347,0.435,0.782,47,3,0,0,1,0,0,0.348,99,122,hernahe01
143,,Nico Hoerner,vs LHP,2025,74,4,,149,141,23,52,8,2,16,12,1,4,8,0.369,0.396,0.539,0.935,76,0,3,0,1,0,0,0.369,152,165,hoernni01
144,,Jackson Holliday,vs LHP,2025,92,4,,179,165,19,33,6,0,16,7,1,11,43,0.2,0.263,0.309,0.572,51,1,3,0,0,0,0,0.246,66,63,hollija01
145,,Rhys Hoskins,vs LHP,2025,49,4,,102,86,10,19,4,0,14,1,0,14,27,0.221,0.324,0.407,0.731,35,4,0,0,2,1,1,0.263,95,108,hoskirh01
146,,Andy Ibáñez,vs LHP,2025,76,4,,135,124,18,32,6,0,17,2,0,9,22,0.258,0.311,0.403,0.714,50,4,1,0,1,0,1,0.283,118,103,ibanean01
147,,Otto Kemp,vs LHP,2025,41,4,,74,65,8,15,3,0,9,1,0,7,26,0.231,0.324,0.462,0.786,30,2,2,0,0,0,1,0.314,121,122,kempot01
148,,Alejandro Kirk,vs LHP,2025,69,4,,144,127,9,35,6,0,20,0,0,15,19,0.276,0.347,0.417,0.765,53,2,0,0,2,1,0,0.292,99,118,kirkal01
149,,Royce Lewis,vs LHP,2025,62,4,,119,109,11,26,5,0,14,2,1,9,22,0.239,0.294,0.394,0.689,43,4,0,0,1,0,2,0.262,105,95,lewisro02
150,,Starling Marte,vs LHP,2025,68,4,,147,133,19,35,7,0,12,3,1,11,30,0.263,0.327,0.406,0.733,54,4,2,0,1,0,0,0.31,97,109,martest01
151,,Coby Mayo,vs LHP,2025,50,4,,97,87,10,22,4,0,9,1,0,9,25,0.253,0.33,0.437,0.767,38,0,1,0,0,0,0,0.31,123,117,mayoco01
152,,Colson Montgomery,vs LHP,2025,48,4,,83,77,11,18,4,0,11,0,0,5,17,0.234,0.289,0.442,0.731,34,1,1,0,0,0,0,0.25,77,105,montgco01
153,,Carlos Narváez,vs LHP,2025,67,4,,130,115,17,28,6,0,14,0,1,15,28,0.243,0.331,0.4,0.731,46,4,0,0,0,0,0,0.289,104,108,narvaca01
154,,Jhonkensy Noel,vs LHP,2025,50,4,,86,83,12,15,1,0,6,0,0,2,32,0.181,0.198,0.337,0.535,28,2,0,0,1,0,0,0.229,122,49,noeljh01
155,,Logan O'Hoppe,vs LHP,2025,45,4,,80,74,9,19,1,0,10,0,1,5,19,0.257,0.313,0.432,0.745,32,5,1,0,0,0,0,0.294,138,111,ohopplo01
156,,Tyler O'Neill,vs LHP,2025,25,4,,59,51,8,8,0,0,8,1,0,6,18,0.157,0.254,0.392,0.646,20,0,1,0,1,1,0,0.133,87,81,oneilty01
157,,Jeremy Peña,vs LHP,2025,49,4,,107,97,14,27,2,0,14,4,0,10,14,0.278,0.346,0.423,0.768,41,2,0,0,0,1,0,0.291,84,119,penaje02
158,,Austin Riley,vs LHP,2025,47,4,,101,96,17,25,3,0,9,0,0,5,22,0.26,0.297,0.417,0.714,40,3,0,0,0,0,0,0.3,94,102,rileyau01
159,,Amed Rosario,vs LHP,2025,52,4,,122,116,11,35,10,0,15,1,0,5,15,0.302,0.328,0.491,0.819,57,5,0,0,1,0,0,0.316,119,130,rosaram01
160,,Carlos Santana,vs LHP,2025,74,4,,148,130,13,30,3,0,19,2,0,17,26,0.231,0.318,0.346,0.664,45,2,0,0,1,1,1,0.257,110,90,santaca01
161,,Davis Schneider,vs LHP,2025,62,4,,128,107,18,23,4,0,15,1,0,19,37,0.215,0.344,0.364,0.708,39,1,2,0,0,0,3,0.288,79,103,schneda03
162,,Cam Smith,vs LHP,2025,66,4,,137,115,19,30,8,1,17,4,0,17,38,0.261,0.365,0.452,0.817,52,3,3,0,2,0,1,0.347,143,132,smithca07
163,,Will Smith,vs LHP,2025,55,4,,112,93,12,24,6,0,10,0,1,18,26,0.258,0.384,0.452,0.836,42,1,1,0,0,0,0,0.317,86,139,smithwi05
164,,Trea Turner,vs LHP,2025,95,4,,205,189,34,61,8,3,17,16,1,14,32,0.323,0.376,0.46,0.836,87,1,2,0,0,1,1,0.373,107,138,turnetr01
165,,Ramón Urías,vs LHP,2025,61,4,,118,107,9,28,5,0,16,1,0,10,31,0.262,0.322,0.421,0.743,45,1,0,0,1,0,1,0.329,120,111,uriasra01
166,,Anthony Volpe,vs LHP,2025,87,4,,172,154,21,39,11,1,22,9,3,14,41,0.253,0.316,0.416,0.731,64,3,1,1,2,0,0,0.315,123,108,volpean01
167,,Christian Walker,vs LHP,2025,66,4,,133,121,13,30,6,0,20,1,1,8,35,0.248,0.301,0.397,0.697,48,1,2,0,2,1,0,0.31,96,98,walkech02
168,,Matt Wallner,vs LHP,2025,57,4,,97,85,13,19,9,0,10,4,0,11,20,0.224,0.32,0.471,0.79,40,1,1,0,0,0,0,0.246,104,123,wallnma01
169,,Jacob Wilson,vs LHP,2025,53,4,,117,110,16,37,5,0,10,2,1,5,8,0.336,0.371,0.491,0.862,54,4,1,1,0,0,2,0.337,115,144,wilsoja05
170,,Christian Yelich,vs LHP,2025,99,4,,206,186,24,45,7,0,32,7,1,17,57,0.242,0.316,0.344,0.66,64,1,3,0,0,1,3,0.328,68,89,yelicch01
171,,Riley Adams,vs LHP,2025,41,3,,97,87,7,14,2,0,5,0,0,6,39,0.161,0.247,0.287,0.535,25,3,4,0,0,0,0,0.244,91,52,adamsri03
172,,Francisco Alvarez,vs LHP,2025,40,3,,66,56,9,15,6,1,9,0,0,10,14,0.268,0.379,0.571,0.95,32,2,0,0,0,0,0,0.308,140,167,alvarfr01
173,,Joey Bart,vs LHP,2025,42,3,,86,72,6,22,3,0,11,0,1,14,26,0.306,0.419,0.472,0.891,34,1,0,0,0,0,0,0.442,157,155,bartjo01
174,,Brett Baty,vs LHP,2025,50,3,,83,77,13,19,1,0,10,3,0,4,19,0.247,0.301,0.377,0.678,29,1,2,0,0,0,0,0.291,83,93,batybr01
175,,JJ Bleday,vs LHP,2025,41,3,,73,68,12,22,3,0,9,0,1,5,18,0.324,0.37,0.5,0.87,34,2,0,0,0,0,0,0.404,150,146,bledajj01
176,,Xander Bogaerts,vs LHP,2025,81,3,,171,154,13,45,12,0,18,9,1,14,26,0.292,0.345,0.429,0.774,66,6,0,0,3,3,1,0.328,115,120,bogaexa01
177,,Alex Bregman,vs LHP,2025,68,3,,133,113,17,36,4,0,10,0,1,19,20,0.319,0.421,0.434,0.855,49,3,1,0,0,2,1,0.367,111,146,bregmal01
178,,Alec Burleson,vs LHP,2025,75,3,,127,118,14,32,4,1,13,0,0,7,20,0.271,0.31,0.398,0.708,47,3,0,0,1,0,2,0.302,77,101,burleal01
179,,Jac Caglianone,vs LHP,2025,38,3,,67,61,5,11,1,1,5,0,0,4,15,0.18,0.254,0.377,0.631,23,2,2,0,0,0,0,0.186,135,78,caglija01
180,,Victor Caratini,vs LHP,2025,38,3,,62,53,6,11,3,0,7,0,0,1,16,0.208,0.306,0.434,0.74,23,0,7,0,1,0,0,0.229,102,109,caratvi01
181,,Kerry Carpenter,vs LHP,2025,47,3,,63,60,13,13,2,0,5,0,0,2,14,0.217,0.238,0.4,0.638,24,0,0,0,1,0,0,0.227,62,78,carpeke01
182,,Matt Chapman,vs LHP,2025,57,3,,126,107,16,24,4,0,9,3,0,18,23,0.224,0.333,0.346,0.679,37,1,0,0,1,1,2,0.256,78,95,chapmma01
183,,William Contreras,vs LHP,2025,85,3,,182,151,24,36,6,0,17,3,0,27,32,0.238,0.357,0.338,0.695,51,3,2,0,2,3,3,0.28,85,101,contrwi02
184,,Jake Cronenworth,vs LHP,2025,98,3,,165,133,12,33,5,0,19,2,1,21,32,0.248,0.373,0.353,0.726,47,2,6,4,1,0,4,0.303,95,110,croneja01
185,,Henry Davis,vs LHP,2025,37,3,,62,57,7,8,0,0,5,1,0,5,15,0.14,0.21,0.298,0.508,17,1,0,0,0,0,0,0.128,97,43,davishe01
186,,Elias Díaz,vs LHP,2025,50,3,,87,80,6,16,0,0,9,0,0,5,19,0.2,0.247,0.313,0.56,25,6,0,2,0,0,0,0.224,84,59,diazel01
187,,Jarren Duran,vs LHP,2025,111,3,,209,194,21,41,6,5,25,5,2,10,57,0.211,0.26,0.34,0.6,66,4,3,1,1,0,3,0.281,55,70,duranja01
188,,Ty France,vs LHP,2025,72,3,,141,131,16,32,10,0,14,0,0,6,23,0.244,0.298,0.389,0.687,51,3,4,0,0,1,1,0.276,101,95,francty01
189,,Maikel Garcia,vs LHP,2025,68,3,,137,118,23,37,13,1,16,3,1,18,20,0.314,0.404,0.517,0.921,61,2,0,1,0,0,1,0.358,130,162,garcima01
190,,Michael Harris II,vs LHP,2025,99,3,,183,171,18,41,9,3,21,4,3,5,39,0.24,0.265,0.38,0.645,65,2,2,2,3,0,1,0.288,92,82,harrimi04
191,,Michael Helman,vs LHP,2025,25,3,,50,46,7,8,2,0,11,0,0,2,11,0.174,0.224,0.413,0.638,19,0,1,1,0,0,0,0.156,68,77,helmami01
192,,Gunnar Henderson,vs LHP,2025,111,3,,210,192,16,43,7,1,19,5,1,14,51,0.224,0.286,0.318,0.603,61,2,3,0,1,0,1,0.288,55,73,hendegu01
193,,Kyle Higashioka,vs LHP,2025,55,3,,110,104,10,26,7,0,14,3,1,4,23,0.25,0.282,0.404,0.686,42,2,1,0,1,0,1,0.291,97,94,higasky01
194,,Cooper Hummel,vs LHP,2025,22,3,,45,39,5,8,0,0,6,0,0,5,12,0.205,0.311,0.436,0.747,17,0,1,0,0,0,0,0.208,164,111,hummeco01
195,,Alex Jackson,vs LHP,2025,16,3,,32,28,9,7,3,0,4,0,0,2,10,0.25,0.344,0.679,1.022,19,0,2,0,0,0,0,0.267,162,183,jacksal02
196,,Jung Hoo Lee,vs LHP,2025,87,3,,166,158,10,38,3,3,17,1,0,7,30,0.241,0.277,0.354,0.632,56,0,1,0,0,0,1,0.28,72,79,leeju01
197,,Otto Lopez,vs LHP,2025,93,3,,191,178,16,35,5,0,12,5,2,12,30,0.197,0.246,0.275,0.521,49,3,0,0,1,1,3,0.219,55,49,lopezot01
198,,Jakob Marsee,vs LHP,2025,37,3,,81,74,9,24,8,0,12,2,2,6,18,0.324,0.37,0.554,0.924,41,2,0,0,1,0,0,0.389,118,160,marseja01
199,,Andrew McCutchen,vs LHP,2025,72,3,,150,131,13,35,7,0,19,0,1,18,36,0.267,0.353,0.389,0.743,51,2,0,0,1,3,0,0.344,112,113,mccutan01
200,,Matt McLain,vs LHP,2025,73,3,,131,114,17,26,5,0,9,8,1,16,40,0.228,0.328,0.351,0.679,40,1,1,0,0,0,1,0.324,112,95,mclaima01
201,,Christian Moore,vs LHP,2025,24,3,,42,40,6,10,3,0,6,1,0,2,14,0.25,0.286,0.55,0.836,22,0,0,0,0,0,0,0.304,149,132,moorech03
202,,Cedric Mullins,vs LHP,2025,76,3,,132,112,15,30,7,1,12,4,1,15,21,0.268,0.354,0.429,0.782,48,1,1,2,2,0,1,0.3,128,123,mullice01
203,,Max Muncy,vs LHP,2025,51,3,,80,70,10,11,2,0,10,0,0,7,22,0.157,0.25,0.314,0.564,22,2,2,0,1,0,0,0.174,33,60,muncyma01
204,,Lars Nootbaar,vs LHP,2025,83,3,,180,159,13,32,5,0,8,0,1,17,47,0.201,0.291,0.289,0.58,46,2,3,1,0,0,0,0.266,70,67,nootbla01
205,,Ryan O'Hearn,vs LHP,2025,70,3,,109,97,18,27,8,1,15,0,0,9,27,0.278,0.358,0.474,0.832,46,2,3,0,0,0,0,0.358,106,136,ohearry01
206,,Marcell Ozuna,vs LHP,2025,68,3,,141,109,13,24,5,0,8,0,0,30,33,0.22,0.383,0.349,0.732,38,3,0,0,2,2,2,0.28,95,112,ozunama01
207,,Andy Pages,vs LHP,2025,85,3,,154,147,21,46,8,0,16,5,3,6,35,0.313,0.344,0.429,0.773,63,2,1,0,0,0,0,0.394,103,120,pagesan01
208,,Isaac Paredes,vs LHP,2025,35,3,,71,60,8,12,1,0,8,0,0,9,9,0.2,0.324,0.367,0.691,22,1,2,0,0,0,0,0.188,72,98,paredis01
209,,Tommy Pham,vs LHP,2025,61,3,,122,102,14,22,2,0,14,1,1,18,24,0.216,0.328,0.324,0.651,33,1,0,0,2,2,1,0.247,87,88,phamth01
210,,Jurickson Profar,vs LHP,2025,45,3,,107,95,14,25,5,0,12,2,0,11,18,0.263,0.346,0.411,0.756,39,1,1,0,0,0,1,0.297,93,116,profaju01
211,,J.T. Realmuto,vs LHP,2025,82,3,,166,155,16,33,10,0,11,3,0,9,43,0.213,0.265,0.335,0.601,52,3,2,0,0,1,1,0.275,71,71,realmjt01
212,,Luis Rengifo,vs LHP,2025,59,3,,101,98,11,22,2,2,10,0,1,3,20,0.224,0.248,0.378,0.625,37,2,0,0,0,0,1,0.253,99,76,rengilu01
213,,Javier Sanoja,vs LHP,2025,70,3,,133,120,14,28,8,1,14,2,2,7,19,0.233,0.285,0.392,0.676,47,0,2,3,1,0,2,0.253,98,91,sanojja01
214,,Marcus Semien,vs LHP,2025,72,3,,144,124,14,29,2,0,9,5,0,17,26,0.234,0.319,0.323,0.642,40,2,0,0,3,0,0,0.265,93,85,semiema01
215,,Mike Tauchman,vs LHP,2025,45,3,,71,59,6,13,3,0,10,0,0,10,18,0.22,0.352,0.424,0.776,25,3,2,0,0,0,0,0.263,105,121,tauchmi01
216,,Michael Toglia,vs LHP,2025,49,3,,96,90,5,20,7,1,11,0,0,4,29,0.222,0.25,0.422,0.672,38,3,0,0,2,0,0,0.283,116,88,toglimi01
217,,Jared Triolo,vs LHP,2025,58,3,,122,109,16,30,7,2,8,2,1,10,21,0.275,0.339,0.459,0.798,50,0,1,1,1,1,2,0.314,138,126,triolja01
218,,Mike Trout,vs LHP,2025,53,3,,105,90,13,20,4,0,10,0,0,13,39,0.222,0.314,0.367,0.681,33,2,0,0,2,2,0,0.34,71,94,troutmi01
219,,Brice Turang,vs LHP,2025,102,3,,192,174,27,53,6,0,19,8,3,15,42,0.305,0.361,0.391,0.752,68,1,1,1,1,0,3,0.385,90,116,turanbr02
220,,Justin Turner,vs LHP,2025,59,3,,109,98,10,27,6,0,11,2,0,9,20,0.276,0.33,0.429,0.759,42,2,0,0,2,0,1,0.312,151,115,turneju01
221,,Andrew Vaughn,vs LHP,2025,62,3,,132,115,11,36,9,0,23,0,0,14,18,0.313,0.389,0.47,0.859,54,4,1,1,1,0,0,0.347,141,145,vaughan01
222,,Carson Williams,vs LHP,2025,18,3,,37,33,3,6,0,0,4,1,0,4,15,0.182,0.27,0.455,0.725,15,1,0,0,0,0,0,0.2,152,103,willica02
223,,Weston Wilson,vs LHP,2025,38,3,,82,72,9,14,3,0,8,0,0,9,24,0.194,0.293,0.361,0.654,26,0,1,0,0,0,0,0.244,102,86,wilsowe01
224,,Blaze Alexander,vs LHP,2025,38,2,,85,71,12,17,5,1,9,1,1,11,24,0.239,0.357,0.423,0.78,30,2,2,1,0,0,1,0.333,121,122,alexabl01
225,,Yordan Alvarez,vs LHP,2025,17,2,,38,32,6,11,4,0,6,0,1,6,4,0.344,0.447,0.656,1.104,21,0,0,0,0,0,0,0.346,174,211,alvaryo01
226,,Nolan Arenado,vs LHP,2025,52,2,,112,102,16,30,5,0,11,1,0,8,7,0.294,0.339,0.402,0.741,41,2,0,0,2,3,1,0.295,124,111,arenano01
227,,Javier Báez,vs LHP,2025,68,2,,134,129,17,41,5,2,17,4,1,3,31,0.318,0.336,0.434,0.77,56,0,1,0,1,0,1,0.402,128,119,baezja01
228,,Will Benson,vs LHP,2025,18,2,,21,17,3,2,0,0,4,0,1,3,5,0.118,0.238,0.471,0.709,8,0,0,0,1,0,0,0.0,96,96,bensowi01
229,,Jeimer Candelario,vs LHP,2025,12,2,,24,20,2,3,1,0,6,0,0,2,2,0.15,0.208,0.5,0.708,10,0,0,0,2,0,0,0.056,240,94,candeje01
230,,Travis d'Arnaud,vs LHP,2025,29,2,,48,45,2,8,2,0,3,0,0,2,16,0.178,0.229,0.356,0.585,16,0,1,0,0,0,0,0.222,94,64,darnatr01
231,,Brendan Donovan,vs LHP,2025,77,2,,169,152,15,35,8,0,13,0,0,11,29,0.23,0.292,0.322,0.614,49,0,3,1,2,0,1,0.268,59,76,donovbr01
232,,Freddy Fermin,vs LHP,2025,56,2,,108,99,6,21,1,0,7,0,1,6,22,0.212,0.257,0.283,0.54,28,1,0,3,0,1,1,0.253,70,55,fermifr01
233,,Ryan Fitzgerald,vs LHP,2025,12,2,,20,18,3,2,0,0,4,0,0,2,2,0.111,0.2,0.444,0.644,8,0,0,0,0,0,0,0.0,63,77,fitzgry01
234,,Cody Freeman,vs LHP,2025,24,2,,48,46,6,9,2,0,5,0,0,1,8,0.196,0.208,0.37,0.578,17,3,0,0,1,0,0,0.189,89,61,freemco01
235,,Nick Gonzales,vs LHP,2025,47,2,,99,91,7,22,5,1,7,0,0,7,18,0.242,0.303,0.385,0.688,35,2,1,0,0,0,1,0.282,108,95,gonzani01
236,,Tristan Gray,vs LHP,2025,13,2,,23,22,3,8,2,0,5,0,0,1,3,0.364,0.391,0.727,1.119,16,0,0,0,0,0,0,0.353,216,211,graytr01
237,,Austin Hays,vs LHP,2025,58,2,,105,91,21,29,9,3,17,1,0,12,24,0.319,0.4,0.549,0.949,50,1,1,0,1,1,0,0.409,148,168,haysau01
238,,Austin Hedges,vs LHP,2025,38,2,,89,77,6,13,2,0,5,0,2,10,24,0.169,0.261,0.273,0.534,21,0,0,1,1,0,0,0.212,103,53,hedgeau01
239,,Jonathan India,vs LHP,2025,55,2,,111,95,15,23,3,0,9,0,1,10,23,0.242,0.336,0.337,0.673,32,1,4,1,1,0,1,0.296,101,94,indiajo01
240,,Ryan Jeffers,vs LHP,2025,74,2,,146,112,12,35,6,0,14,1,1,28,23,0.313,0.466,0.42,0.885,47,3,5,0,1,1,0,0.375,137,157,jeffery01
241,,Max Kepler,vs LHP,2025,56,2,,76,69,7,15,3,0,9,2,0,6,17,0.217,0.276,0.348,0.624,24,2,0,0,1,0,0,0.255,81,77,keplema01
242,,Isiah Kiner-Falefa,vs LHP,2025,70,2,,124,119,15,27,1,0,13,2,2,2,20,0.227,0.25,0.286,0.536,34,2,2,0,1,0,1,0.255,70,53,kineris01
243,,Daylen Lile,vs LHP,2025,44,2,,77,71,8,18,1,1,4,0,0,3,17,0.254,0.303,0.38,0.683,27,1,2,1,0,0,0,0.308,64,94,lileda01
244,,Tyler Locklear,vs LHP,2025,18,2,,37,34,3,5,0,0,4,0,0,2,16,0.147,0.216,0.324,0.54,11,1,1,0,0,0,0,0.188,105,52,locklty01
245,,Nick Loftin,vs LHP,2025,37,2,,68,61,4,12,2,0,7,0,1,5,11,0.197,0.279,0.328,0.607,20,3,2,0,0,0,0,0.208,92,73,loftini01
246,,Nathaniel Lowe,vs LHP,2025,94,2,,171,155,8,26,7,1,10,0,0,15,51,0.168,0.24,0.265,0.504,41,2,0,0,1,0,1,0.233,48,45,lowena01
247,,Willie MacIver,vs LHP,2025,18,2,,40,36,3,7,3,0,5,0,0,3,8,0.194,0.275,0.444,0.719,16,0,1,0,0,0,0,0.192,146,101,macivwi01
248,,Brandon Marsh,vs LHP,2025,59,2,,88,76,10,15,1,0,10,1,1,10,32,0.197,0.287,0.289,0.577,22,0,0,1,1,0,0,0.302,49,66,marshbr02
249,,Reese McGuire,vs LHP,2025,10,2,,17,16,2,3,0,0,3,0,0,0,6,0.188,0.188,0.563,0.75,9,0,0,1,0,0,0,0.125,104,104,mcguire01
250,,Ryan McMahon,vs LHP,2025,69,2,,129,114,12,21,3,0,9,1,0,12,41,0.184,0.271,0.263,0.534,30,0,2,0,1,0,0,0.264,56,54,mcmahry01
251,,Chase Meidroth,vs LHP,2025,74,2,,156,140,15,39,3,0,5,4,0,15,27,0.279,0.348,0.343,0.691,48,3,0,1,0,0,3,0.333,113,99,meidrch01
252,,Jackson Merrill,vs LHP,2025,79,2,,170,157,15,37,11,2,19,0,0,9,34,0.236,0.278,0.369,0.648,58,2,1,1,2,0,1,0.285,68,83,merrija01
253,,Andruw Monasterio,vs LHP,2025,27,2,,50,44,8,12,3,0,10,1,0,5,10,0.273,0.36,0.477,0.837,21,0,1,0,0,0,0,0.313,122,137,monasan01
254,,Dane Myers,vs LHP,2025,64,2,,117,105,16,30,8,0,17,6,1,11,21,0.286,0.359,0.419,0.778,44,3,1,0,0,0,0,0.341,152,122,myersda01
255,,Bo Naylor,vs LHP,2025,58,2,,85,76,9,13,1,0,5,0,0,7,13,0.171,0.238,0.263,0.501,20,1,0,1,1,0,0,0.177,54,43,naylobo01
256,,Connor Norby,vs LHP,2025,51,2,,101,87,11,16,3,0,4,5,1,13,27,0.184,0.297,0.287,0.584,25,1,1,0,0,0,2,0.241,73,69,norbyco01
257,,Nasim Nuñez,vs LHP,2025,17,2,,35,30,6,8,1,0,4,4,1,5,3,0.267,0.371,0.5,0.871,15,1,0,0,0,0,0,0.24,149,147,nunezna01
258,,Joey Ortiz,vs LHP,2025,78,2,,143,135,19,39,9,1,10,6,2,4,20,0.289,0.319,0.415,0.734,56,2,2,2,0,0,1,0.327,147,108,ortizjo06
259,,Pedro Pagés,vs LHP,2025,59,2,,113,103,10,25,6,0,15,0,0,7,35,0.243,0.292,0.359,0.651,37,3,1,0,2,1,0,0.338,106,85,pagespe02
260,,Kyren Paris,vs LHP,2025,14,2,,22,19,3,5,1,0,2,1,0,1,8,0.263,0.364,0.632,0.995,12,0,2,0,0,0,0,0.333,203,178,parisky01
261,,Liover Peguero,vs LHP,2025,15,2,,33,28,5,6,0,0,4,2,0,4,11,0.214,0.333,0.429,0.762,12,2,1,0,0,0,0,0.267,140,116,pegueli01
262,,Everson Pereira,vs LHP,2025,14,2,,36,34,5,6,1,0,5,1,0,2,17,0.176,0.222,0.382,0.605,13,0,0,0,0,0,0,0.267,157,69,pereiev01
263,,Salvador Perez,vs LHP,2025,76,2,,144,136,5,29,7,0,14,0,0,6,29,0.213,0.257,0.309,0.566,42,3,2,0,0,4,0,0.257,60,61,perezsa02
264,,Blake Perkins,vs LHP,2025,32,2,,54,48,9,13,2,0,4,3,1,6,13,0.271,0.352,0.438,0.789,21,3,0,0,0,0,0,0.333,144,125,perkibl01
265,,Brayan Rocchio,vs LHP,2025,64,2,,116,98,11,22,4,1,16,1,1,8,33,0.224,0.31,0.347,0.657,34,1,5,3,2,0,0,0.308,109,88,rocchbr01
266,,Johnathan Rodríguez,vs LHP,2025,23,2,,55,50,4,12,3,1,9,1,0,5,15,0.24,0.309,0.46,0.769,23,1,0,0,0,0,1,0.303,145,116,rodrijo10
267,,Nolan Schanuel,vs LHP,2025,70,2,,125,106,10,29,4,0,12,1,0,13,14,0.274,0.363,0.368,0.731,39,2,3,1,2,0,1,0.293,97,110,schanno01
268,,Casey Schmitt,vs LHP,2025,55,2,,120,107,9,21,7,0,8,0,0,12,31,0.196,0.283,0.318,0.601,34,1,1,0,0,1,1,0.257,72,72,schmica01
269,,Gavin Sheets,vs LHP,2025,78,2,,153,141,8,36,8,1,18,0,1,10,28,0.255,0.301,0.369,0.669,52,2,0,0,2,0,2,0.301,81,91,sheetga01
270,,Jorge Soler,vs LHP,2025,29,2,,51,46,7,10,2,0,4,0,0,5,15,0.217,0.294,0.391,0.685,18,3,0,0,0,0,0,0.276,101,94,solerjo01
271,,Tyler Stephenson,vs LHP,2025,41,2,,74,61,6,15,6,0,8,0,0,12,16,0.246,0.378,0.443,0.821,27,0,1,0,0,1,2,0.302,125,134,stephty01
272,,Alek Thomas,vs LHP,2025,56,2,,88,80,7,19,2,0,7,2,1,2,20,0.238,0.262,0.338,0.599,27,0,1,4,1,0,1,0.288,82,70,thomaal01
273,,Lane Thomas,vs LHP,2025,21,2,,47,40,4,6,0,0,5,2,0,6,12,0.15,0.255,0.3,0.555,12,1,0,0,1,0,1,0.148,114,58,thomala02
274,,Ezequiel Tovar,vs LHP,2025,40,2,,90,80,15,22,4,0,7,2,0,9,25,0.275,0.348,0.4,0.748,32,0,0,1,0,0,0,0.377,118,114,tovarez01
275,,Ildemaro Vargas,vs LHP,2025,25,2,,52,50,5,13,0,0,11,0,0,1,6,0.26,0.288,0.38,0.668,19,0,1,0,0,0,0,0.262,98,89,vargail01
276,,Miguel Vargas,vs LHP,2025,76,2,,154,138,26,36,14,1,11,3,0,14,28,0.261,0.325,0.42,0.745,58,1,0,0,2,0,0,0.309,108,111,vargami01
277,,Daulton Varsho,vs LHP,2025,32,2,,56,50,6,13,0,0,7,0,0,4,14,0.26,0.321,0.38,0.701,19,0,1,0,1,0,0,0.314,82,100,varshda01
278,,Jordan Walker,vs LHP,2025,49,2,,107,98,17,25,3,0,11,3,0,8,32,0.255,0.318,0.347,0.665,34,2,1,0,0,1,1,0.359,128,91,walkejo02
279,,Joey Wiemer,vs LHP,2025,14,2,,34,28,4,6,2,0,8,0,0,2,12,0.214,0.294,0.5,0.794,14,0,2,0,2,1,0,0.25,120,122,wiemejo01
280,,Masyn Winn,vs LHP,2025,71,2,,163,149,21,38,8,0,13,5,2,11,31,0.255,0.313,0.349,0.662,52,5,2,0,1,0,0,0.308,97,89,winnma01
281,,Mike Yastrzemski,vs LHP,2025,66,2,,104,94,13,13,2,0,9,2,0,7,22,0.138,0.204,0.223,0.427,21,2,1,1,1,0,2,0.155,17,22,yastrmi01
282,,Wilyer Abreu,vs LHP,2025,47,1,,68,61,7,14,6,0,10,0,1,6,14,0.23,0.299,0.377,0.676,23,2,0,1,0,0,0,0.283,75,92,abreuwi02
283,,Miguel Amaya,vs LHP,2025,13,1,,21,19,5,3,0,0,1,0,0,1,8,0.158,0.2,0.316,0.516,6,0,0,1,0,0,1,0.2,27,45,amayami01
284,,Jonathan Aranda,vs LHP,2025,65,1,,98,84,14,23,3,0,8,0,0,12,27,0.274,0.378,0.345,0.723,29,2,2,0,0,0,0,0.393,67,109,arandjo01
285,,Orlando Arcia,vs LHP,2025,34,1,,56,54,3,12,2,0,2,0,0,2,11,0.222,0.25,0.315,0.565,17,1,0,0,0,0,1,0.262,113,61,arciaor01
286,,Patrick Bailey,vs LHP,2025,66,1,,121,113,9,24,4,2,15,0,0,7,36,0.212,0.256,0.31,0.566,35,1,0,0,1,0,0,0.299,88,61,bailepa01
287,,Brooks Baldwin,vs LHP,2025,43,1,,64,59,5,12,3,0,8,1,0,4,12,0.203,0.254,0.305,0.559,18,2,0,1,0,0,1,0.239,63,59,baldwbr01
288,,Addison Barger,vs LHP,2025,55,1,,89,83,10,18,5,1,8,0,1,6,27,0.217,0.27,0.337,0.607,28,1,0,0,0,0,0,0.309,64,73,bargead01
289,,Jorge Barrosa,vs LHP,2025,22,1,,44,39,4,6,2,0,5,0,0,2,11,0.154,0.205,0.282,0.487,11,1,1,0,2,0,0,0.172,147,38,barrojo01
290,,Samuel Basallo,vs LHP,2025,18,1,,25,21,4,3,0,0,1,0,0,3,5,0.143,0.28,0.286,0.566,6,1,1,0,0,0,0,0.133,109,63,basalsa01
291,,Dylan Beavers,vs LHP,2025,17,1,,25,20,2,3,1,0,4,0,0,5,4,0.15,0.32,0.35,0.67,7,0,0,0,0,0,0,0.133,73,92,beavedy01
292,,Warming Bernabel,vs LHP,2025,15,1,,29,29,2,8,0,0,5,0,1,0,2,0.276,0.276,0.379,0.655,11,0,0,0,0,0,0,0.269,88,85,bernawa01
293,,Sean Bouchard,vs LHP,2025,28,1,,51,47,5,9,0,0,5,1,1,4,16,0.191,0.255,0.255,0.51,12,1,0,0,0,0,1,0.267,109,47,bouchse01
294,,Daz Cameron,vs LHP,2025,13,1,,32,32,3,6,1,0,2,0,0,0,11,0.188,0.188,0.313,0.5,10,1,0,0,0,0,0,0.25,95,40,camerda01
295,,Kristian Campbell,vs LHP,2025,37,1,,74,58,9,12,3,0,6,0,0,12,15,0.207,0.365,0.31,0.675,18,1,3,0,1,0,1,0.256,104,96,campbkr01
296,,Gustavo Campero,vs LHP,2025,12,1,,18,18,1,1,0,0,3,0,1,0,5,0.056,0.056,0.222,0.278,4,0,0,0,0,0,0,0.0,-15,-26,campegu01
297,,Mark Canha,vs LHP,2025,35,1,,69,63,5,15,2,0,4,0,1,3,12,0.238,0.29,0.317,0.607,20,0,2,0,1,0,0,0.275,126,74,canhama01
298,,Dominic Canzone,vs LHP,2025,43,1,,68,58,5,16,1,0,4,0,0,8,15,0.276,0.368,0.345,0.712,20,1,1,0,1,0,0,0.349,75,106,canzodo01
299,,Vinny Capra,vs LHP,2025,26,1,,56,52,3,8,0,0,4,2,0,0,14,0.154,0.167,0.212,0.378,11,3,1,2,1,0,1,0.184,126,8,capravi01
300,,Dylan Carlson,vs LHP,2025,37,1,,72,68,3,14,2,0,5,0,1,4,19,0.206,0.25,0.279,0.529,19,0,0,0,0,0,0,0.271,73,51,carlsdy01
301,,Triston Casas,vs LHP,2025,9,1,,12,11,3,5,2,0,2,0,0,1,2,0.455,0.5,0.909,1.409,10,1,0,0,0,0,0,0.5,381,292,casastr01
302,,Denzel Clarke,vs LHP,2025,18,1,,31,28,2,5,2,1,2,0,0,2,12,0.179,0.233,0.429,0.662,12,1,0,1,0,0,0,0.267,100,84,clarkde02
303,,Michael Conforto,vs LHP,2025,47,1,,78,65,7,16,6,0,2,0,0,8,20,0.246,0.372,0.385,0.756,25,1,5,0,0,0,0,0.341,138,118,confomi01
304,,Dylan Crews,vs LHP,2025,36,1,,79,75,10,15,1,1,3,7,0,3,18,0.2,0.241,0.28,0.521,21,1,1,0,0,0,1,0.25,66,49,crewsdy01
305,,Blaine Crim,vs LHP,2025,7,1,,15,12,2,3,0,0,5,0,0,1,3,0.25,0.267,0.5,0.767,6,0,0,0,2,0,0,0.2,107,113,crimbl01
306,,Jimmy Crooks,vs LHP,2025,7,1,,8,8,2,2,0,0,1,0,0,0,2,0.25,0.25,0.625,0.875,5,0,0,0,0,0,0,0.2,321,139,crookji01
307,,Oneil Cruz,vs LHP,2025,80,1,,125,108,8,11,3,1,8,5,2,16,44,0.102,0.224,0.176,0.4,19,3,1,0,0,0,1,0.159,22,17,cruzon01
308,,Jasson Domínguez,vs LHP,2025,57,1,,104,93,12,19,5,0,8,7,1,9,34,0.204,0.279,0.29,0.569,27,3,1,0,1,0,2,0.305,59,64,dominja01
309,,Mauricio Dubón,vs LHP,2025,58,1,,115,106,14,31,9,0,7,0,0,7,11,0.292,0.342,0.406,0.748,43,4,1,1,0,0,0,0.319,133,113,dubonma01
310,,Tim Elko,vs LHP,2025,10,1,,20,19,1,2,0,0,1,1,0,1,13,0.105,0.15,0.263,0.413,5,0,0,0,0,0,0,0.2,58,15,elkoti01
311,,Jerar Encarnacion,vs LHP,2025,15,1,,26,25,1,5,2,0,4,0,0,1,6,0.2,0.231,0.4,0.631,10,2,0,0,0,0,0,0.222,118,76,encarje01
312,,Thairo Estrada,vs LHP,2025,16,1,,37,31,5,6,1,0,8,0,1,3,5,0.194,0.27,0.323,0.593,10,0,1,0,2,0,1,0.185,82,69,estrath01
313,,Tyler Fitzgerald,vs LHP,2025,37,1,,75,63,6,14,1,1,3,4,1,10,24,0.222,0.338,0.317,0.655,20,0,1,1,0,0,1,0.342,119,89,fitzgty01
314,,Nick Fortes,vs LHP,2025,58,1,,115,105,8,23,6,0,10,0,0,7,21,0.219,0.278,0.305,0.583,32,3,2,0,1,0,1,0.262,81,67,forteni01
315,,Adam Frazier,vs LHP,2025,47,1,,67,60,9,12,5,0,8,1,1,4,21,0.2,0.273,0.333,0.606,20,1,2,1,0,0,0,0.289,77,73,fraziad01
316,,Tyler Freeman,vs LHP,2025,54,1,,119,110,13,32,7,0,10,4,3,6,14,0.291,0.331,0.382,0.712,42,4,1,1,1,0,0,0.323,99,104,freemty01
317,,Andrés Giménez,vs LHP,2025,51,1,,86,80,6,14,4,0,8,2,0,4,18,0.175,0.233,0.263,0.495,21,2,2,0,0,0,0,0.213,66,42,gimenan01
318,,Matt Gorski,vs LHP,2025,10,1,,23,23,1,4,0,1,1,0,1,0,9,0.174,0.174,0.391,0.565,9,1,0,0,0,0,0,0.231,82,55,gorskma01
319,,Eric Haase,vs LHP,2025,13,1,,26,25,3,4,0,0,2,0,0,1,10,0.16,0.192,0.28,0.472,7,1,0,0,0,0,0,0.214,45,33,haaseer01
320,,Tyler Heineman,vs LHP,2025,30,1,,50,43,7,17,4,0,8,1,0,3,6,0.395,0.449,0.558,1.007,24,1,2,1,1,0,0,0.432,159,186,heinety01
321,,Darell Hernaiz,vs LHP,2025,28,1,,57,48,5,12,1,1,6,2,3,8,6,0.25,0.357,0.375,0.732,18,0,0,1,0,0,2,0.268,145,110,hernada04
322,,Derek Hill,vs LHP,2025,35,1,,63,54,3,10,3,0,5,1,0,5,21,0.185,0.279,0.296,0.575,16,0,2,2,0,0,1,0.281,90,65,hillde01
323,,Spencer Horwitz,vs LHP,2025,43,1,,51,43,6,8,1,0,5,0,0,7,13,0.186,0.314,0.279,0.593,12,2,1,0,0,0,0,0.241,53,72,horwisp01
324,,Sam Huff,vs LHP,2025,8,1,,18,17,2,5,0,0,2,0,0,1,8,0.294,0.333,0.471,0.804,8,1,0,0,0,0,0,0.5,167,127,huffsa01
325,,Jose Iglesias,vs LHP,2025,70,1,,137,120,16,28,10,0,12,1,0,14,27,0.233,0.319,0.342,0.66,41,3,1,2,0,0,4,0.293,123,90,iglesjo01
326,,Jeremiah Jackson,vs LHP,2025,26,1,,54,50,6,13,3,1,8,0,0,4,18,0.26,0.315,0.42,0.735,21,0,0,0,0,0,0,0.387,90,108,jacksje02
327,,Leo Jimenez,vs LHP,2025,11,1,,21,19,1,2,0,0,1,0,0,2,6,0.105,0.19,0.263,0.454,5,1,0,0,0,0,1,0.083,200,28,jimenle01
328,,Edouard Julien,vs LHP,2025,26,1,,45,40,4,10,4,0,2,0,2,3,14,0.25,0.333,0.425,0.758,17,1,2,0,0,0,0,0.36,139,115,julieed01
329,,C.J. Kayfus,vs LHP,2025,18,1,,22,21,2,4,1,0,2,1,0,0,7,0.19,0.227,0.381,0.608,8,0,1,0,0,0,0,0.231,70,70,kayfucj01
330,,Luke Keaschall,vs LHP,2025,32,1,,66,59,7,10,3,0,7,6,1,3,15,0.169,0.242,0.271,0.514,16,1,3,0,1,0,2,0.205,24,47,keasclu01
331,,Ha-Seong Kim,vs LHP,2025,24,1,,60,56,6,16,2,0,6,1,0,4,9,0.286,0.333,0.375,0.708,21,1,0,0,0,0,0,0.326,118,103,kimha01
332,,Hyeseong Kim,vs LHP,2025,18,1,,21,21,2,8,1,0,3,1,1,0,8,0.381,0.381,0.571,0.952,12,0,0,0,0,0,0,0.583,170,168,kimhy02
333,,Andrew Knizner,vs LHP,2025,13,1,,25,25,2,7,0,0,1,0,0,0,3,0.28,0.28,0.4,0.68,10,0,0,0,0,0,0,0.286,127,92,kniznan01
334,,Trevor Larnach,vs LHP,2025,70,1,,118,106,10,25,5,0,14,1,2,9,30,0.236,0.297,0.311,0.608,33,5,1,0,2,0,2,0.312,69,75,larnatr01
335,,Korey Lee,vs LHP,2025,7,1,,14,13,5,4,0,0,2,0,0,1,3,0.308,0.357,0.538,0.896,7,0,0,0,0,0,0,0.333,133,152,leeko01
336,,Josh Lowe,vs LHP,2025,74,1,,125,115,9,19,5,0,7,5,2,8,39,0.165,0.224,0.235,0.459,27,3,1,0,1,0,0,0.237,43,32,lowejo01
337,,Matthew Lugo,vs LHP,2025,12,1,,17,17,2,6,1,0,4,0,0,0,4,0.353,0.353,0.588,0.941,10,1,0,0,0,0,0,0.417,172,163,lugoma01
338,,Martín Maldonado,vs LHP,2025,31,1,,52,46,4,13,3,0,3,0,0,5,15,0.283,0.353,0.413,0.766,19,1,0,1,0,0,1,0.4,170,119,maldoma01
339,,Justyn-Henry Malloy,vs LHP,2025,39,1,,70,56,8,14,3,0,11,0,0,13,15,0.25,0.4,0.357,0.757,20,0,1,0,0,0,0,0.325,132,120,malloju02
340,,Jake Mangum,vs LHP,2025,78,1,,137,129,8,36,5,0,11,5,3,5,17,0.279,0.309,0.341,0.65,44,2,1,1,1,0,1,0.313,86,86,manguja01
341,,Noelvi Marte,vs LHP,2025,53,1,,104,95,8,22,1,0,14,1,1,8,28,0.232,0.288,0.274,0.562,26,2,0,0,1,0,2,0.313,57,62,marteno01
342,,Austin Martin,vs LHP,2025,25,1,,57,52,11,18,4,0,2,5,0,5,10,0.346,0.404,0.481,0.884,25,2,0,0,0,0,0,0.415,140,152,martiau01
343,,James McCann,vs LHP,2025,25,1,,50,43,5,12,3,0,3,0,0,4,10,0.279,0.367,0.419,0.786,18,0,2,1,0,0,0,0.344,111,125,mccanja02
344,,Chas McCormick,vs LHP,2025,28,1,,49,42,7,9,4,0,3,0,1,4,11,0.214,0.298,0.381,0.679,16,0,1,2,0,0,0,0.267,138,93,mccorch01
345,,Zach McKinstry,vs LHP,2025,74,1,,119,108,20,32,6,7,15,2,2,7,26,0.296,0.345,0.509,0.854,55,2,2,0,2,0,1,0.373,120,140,mckinza01
346,,Jeff McNeil,vs LHP,2025,58,1,,107,89,8,21,4,2,9,1,0,14,16,0.236,0.352,0.36,0.712,32,1,2,2,0,0,0,0.278,93,105,mcneije01
347,,Curtis Mead,vs LHP,2025,65,1,,126,112,8,23,4,0,3,1,1,9,23,0.205,0.286,0.268,0.554,30,6,4,0,1,0,0,0.247,79,60,meadcu01
348,,MJ Melendez,vs LHP,2025,8,1,,11,8,2,1,0,0,1,0,0,1,3,0.125,0.364,0.5,0.864,4,0,2,0,0,0,0,0.0,436,144,melenmj01
349,,Matt Mervis,vs LHP,2025,7,1,,10,9,1,2,1,0,1,0,0,1,4,0.222,0.3,0.667,0.967,6,0,0,0,0,0,0,0.25,192,166,mervima01
350,,Víctor Mesa Jr.,vs LHP,2025,5,1,,12,10,5,3,0,0,3,0,0,1,1,0.3,0.364,0.6,0.964,6,0,0,1,0,0,0,0.25,197,170,mesavi01
351,,Kameron Misner,vs LHP,2025,32,1,,42,39,4,6,1,0,3,2,0,2,16,0.154,0.214,0.256,0.471,10,0,1,0,0,0,0,0.227,53,34,misneka01
352,,Mickey Moniak,vs LHP,2025,41,1,,60,54,7,12,2,0,6,0,0,5,19,0.222,0.283,0.315,0.598,17,0,0,0,1,0,0,0.314,53,71,moniami01
353,,Gabriel Moreno,vs LHP,2025,37,1,,77,68,13,19,5,0,5,0,1,8,11,0.279,0.351,0.397,0.748,27,3,0,0,1,1,0,0.316,91,114,morenga01
354,,Max Muncy,vs LHP,2025,23,1,,44,40,2,8,0,0,1,1,1,4,14,0.2,0.273,0.275,0.548,11,0,0,0,0,0,0,0.28,78,58,muncyma02
355,,Brian Navarreto,vs LHP,2025,5,1,,7,7,2,2,1,0,3,0,0,0,1,0.286,0.286,0.857,1.143,6,0,0,0,0,0,0,0.2,140,210,navarbr01
356,,James Outman,vs LHP,2025,28,1,,42,39,3,4,1,0,1,0,0,3,18,0.103,0.167,0.205,0.372,8,0,0,0,0,0,1,0.15,41,6,outmaja01
357,,Joc Pederson,vs LHP,2025,16,1,,19,13,3,3,1,0,1,0,0,6,4,0.231,0.474,0.538,1.012,7,1,0,0,0,0,0,0.25,230,189,pederjo01
358,,Yohel Pozo,vs LHP,2025,25,1,,42,40,5,11,3,0,6,0,0,1,6,0.275,0.286,0.425,0.711,17,3,0,0,1,0,0,0.294,123,100,pozoyo01
359,,Edgar Quero,vs LHP,2025,62,1,,137,129,10,46,10,0,14,0,0,7,23,0.357,0.394,0.457,0.852,59,3,1,0,0,0,1,0.429,147,143,queroed01
360,,Alan Roden,vs LHP,2025,19,1,,26,21,4,3,0,0,1,0,0,3,3,0.143,0.308,0.286,0.593,6,0,2,0,0,0,0,0.118,115,72,rodenal01
361,,Brendan Rodgers,vs LHP,2025,15,1,,26,24,1,6,1,0,3,0,0,2,10,0.25,0.308,0.417,0.724,10,0,0,0,0,0,0,0.385,166,105,rodgebr02
362,,Jake Rogers,vs LHP,2025,24,1,,36,27,5,4,2,0,6,0,0,6,10,0.148,0.306,0.333,0.639,9,1,1,0,2,0,0,0.167,111,83,rogerja03
363,,Johan Rojas,vs LHP,2025,39,1,,75,67,11,15,1,1,7,5,0,6,15,0.224,0.288,0.313,0.601,21,0,0,2,0,0,0,0.275,111,72,rojasjo03
364,,Esteury Ruiz,vs LHP,2025,10,1,,18,17,1,3,0,0,2,1,0,1,7,0.176,0.222,0.353,0.575,6,0,0,0,0,0,0,0.222,91,61,ruizes01
365,,Keibert Ruiz,vs LHP,2025,33,1,,54,51,2,15,2,0,8,0,0,2,4,0.294,0.333,0.392,0.725,20,0,1,0,0,0,1,0.304,144,107,ruizke01
366,,Adley Rutschman,vs LHP,2025,57,1,,110,97,11,25,5,1,4,0,0,13,17,0.258,0.345,0.361,0.706,35,3,0,0,0,0,0,0.304,111,103,rutscad01
367,,Thomas Saggese,vs LHP,2025,34,1,,68,66,10,18,1,0,4,0,0,1,20,0.273,0.279,0.333,0.613,22,2,0,0,1,0,0,0.37,92,74,saggeth01
368,,Gary Sánchez,vs LHP,2025,18,1,,42,38,3,8,1,0,7,0,0,2,11,0.211,0.262,0.316,0.578,12,2,1,0,1,0,0,0.259,64,65,sanchga02
369,,Jesús Sánchez,vs LHP,2025,53,1,,75,69,5,11,3,0,4,2,1,4,21,0.159,0.227,0.246,0.473,17,1,2,0,0,0,0,0.213,37,36,sanchje02
370,,Zack Short,vs LHP,2025,10,1,,19,17,4,6,1,0,5,0,0,2,8,0.353,0.421,0.588,1.009,10,0,0,0,0,0,0,0.625,199,185,shortza01
371,,Donovan Solano,vs LHP,2025,56,1,,101,96,3,17,1,1,8,0,0,3,25,0.177,0.208,0.24,0.448,23,7,1,0,1,0,0,0.225,43,28,solando01
372,,Sal Stewart,vs LHP,2025,4,1,,7,7,1,2,0,0,2,0,0,0,1,0.286,0.286,0.714,1.0,5,0,0,0,0,0,0,0.2,129,174,stewasa02
373,,Bryson Stott,vs LHP,2025,81,1,,123,111,12,25,4,0,12,6,3,10,22,0.225,0.287,0.288,0.575,32,0,0,1,1,0,0,0.27,61,66,stottbr01
374,,Kyle Stowers,vs LHP,2025,64,1,,103,91,5,23,4,1,13,0,1,9,21,0.253,0.33,0.352,0.682,32,1,2,0,1,0,0,0.314,54,96,stoweky01
375,,Myles Straw,vs LHP,2025,76,1,,146,133,17,36,9,0,15,3,1,10,28,0.271,0.322,0.361,0.683,48,2,0,3,0,0,2,0.337,101,95,strawmy01
376,,Tim Tawa,vs LHP,2025,47,1,,82,75,14,19,3,0,7,3,2,5,24,0.253,0.293,0.333,0.626,25,2,0,0,2,0,0,0.346,103,79,tawati01
377,,Bryce Teodosio,vs LHP,2025,19,1,,28,24,2,6,2,0,3,1,1,1,9,0.25,0.296,0.458,0.755,11,1,1,1,1,0,0,0.333,170,112,teodobr01
378,,Tyler Tolbert,vs LHP,2025,24,1,,35,31,7,7,2,0,3,5,0,1,6,0.226,0.286,0.387,0.673,12,1,2,0,1,0,0,0.24,91,90,tolbety01
379,,Abraham Toro,vs LHP,2025,39,1,,78,71,11,18,4,0,9,0,1,3,10,0.254,0.295,0.352,0.647,25,0,2,0,2,0,3,0.274,97,84,toroab01
380,,Jose Trevino,vs LHP,2025,41,1,,79,74,6,14,6,0,6,0,0,4,7,0.189,0.228,0.311,0.539,23,2,0,0,1,0,0,0.194,72,52,trevijo01
381,,Luis Urías,vs LHP,2025,36,1,,68,60,4,11,0,0,3,1,1,6,7,0.183,0.269,0.233,0.502,14,2,1,0,0,0,0,0.192,54,46,uriaslu01
382,,Luis Vázquez,vs LHP,2025,15,1,,26,26,3,4,0,0,2,0,0,0,8,0.154,0.154,0.269,0.423,7,0,0,0,0,0,0,0.176,86,18,vazqulu01
383,,Matt Vierling,vs LHP,2025,21,1,,43,38,2,11,1,0,6,1,0,3,11,0.289,0.349,0.395,0.744,15,1,1,0,1,0,0,0.37,141,113,vierlma01
384,,Shay Whitcomb,vs LHP,2025,7,1,,10,10,1,1,0,0,1,0,0,0,1,0.1,0.1,0.4,0.5,4,0,0,0,0,0,0,0.0,163,34,whitcsh01
385,,Bobby Witt Jr.,vs LHP,2025,72,1,,146,131,21,43,12,3,12,7,3,13,30,0.328,0.39,0.489,0.879,64,1,1,0,1,5,2,0.416,109,150,wittbo02
386,,Austin Wynns,vs LHP,2025,18,1,,38,36,3,9,3,0,4,0,0,1,14,0.25,0.263,0.417,0.68,15,1,0,0,1,0,0,0.364,59,91,wynnsau01
387,,Maximo Acosta,vs LHP,2025,10,0,,20,17,1,3,0,0,1,1,0,2,7,0.176,0.3,0.176,0.476,3,0,1,0,0,0,0,0.3,47,41,acostma02
388,,Luisangel Acuña,vs LHP,2025,34,0,,67,58,10,13,3,0,2,3,1,6,16,0.224,0.308,0.276,0.584,16,0,1,2,0,0,0,0.31,106,69,acunajo01
389,,Jordyn Adams,vs LHP,2025,1,0,,1,1,,0,0,0,0,0,0,0,0,0.0,0.0,0.0,0.0,0,0,0,0,0,0,0,0.0,,-100,adamsjo03
390,,Nick Ahmed,vs LHP,2025,3,0,,7,7,0,0,0,0,0,1,0,0,2,0.0,0.0,0.0,0.0,0,1,0,0,0,0,1,0.0,,-100,ahmedni01
391,,Kevin Alcántara,vs LHP,2025,3,0,,7,6,1,2,0,0,0,0,0,1,1,0.333,0.429,0.333,0.762,2,0,0,0,0,0,0,0.4,94,123,alcanke01
392,,Sergio Alcántara,vs LHP,2025,1,0,,2,2,,0,0,0,0,0,0,0,0,0.0,0.0,0.0,0.0,0,0,0,0,0,0,0,0.0,,-100,alcanse01
393,,CJ Alexander,vs LHP,2025,1,0,,1,1,,0,0,0,0,0,0,0,1,0.0,0.0,0.0,0.0,0,0,0,0,0,0,0,,-100,-100,alexacj01
394,,Tyler Alexander,vs LHP,2025,1,0,,1,1,,0,0,0,0,0,0,0,0,0.0,0.0,0.0,0.0,0,0,0,0,0,0,0,0.0,,-100,alexaty01
395,,Jorge Alfaro,vs LHP,2025,5,0,,9,9,1,4,1,0,1,1,0,0,3,0.444,0.444,0.556,1.0,5,0,0,0,0,0,0,0.667,254,184,alfarjo01
396,,Nick Allen,vs LHP,2025,65,0,,112,97,5,21,2,0,9,2,2,12,20,0.216,0.3,0.237,0.537,23,3,0,2,1,0,0,0.269,100,57,allenni02
397,,Nacho Alvarez Jr.,vs LHP,2025,29,0,,55,47,5,7,2,0,6,0,0,5,14,0.149,0.241,0.191,0.432,9,0,1,1,1,0,0,0.206,39,26,alvarna01
398,,Adael Amador,vs LHP,2025,18,0,,25,23,1,1,0,0,1,0,0,2,6,0.043,0.12,0.043,0.163,1,1,0,0,0,0,1,0.059,-37,-51,amadoad01
399,,Jacob Amaya,vs LHP,2025,12,0,,22,21,3,2,1,0,3,0,0,0,7,0.095,0.091,0.143,0.234,3,0,0,0,1,0,0,0.133,84,-34,amayaja01
400,,Tim Anderson,vs LHP,2025,12,0,,18,17,2,4,1,0,0,0,0,0,6,0.235,0.235,0.294,0.529,5,0,0,1,0,0,0,0.364,113,50,anderti01
401,,Drew Avans,vs LHP,2025,3,0,,3,3,,0,0,0,0,0,0,0,1,0.0,0.0,0.0,0.0,0,0,0,0,0,0,0,0.0,-100,-100,avansdr01
402,,José Azocar,vs LHP,2025,5,0,,9,7,3,3,0,0,1,1,0,2,0,0.429,0.556,0.429,0.984,3,0,0,0,0,0,0,0.429,230,188,azocajo01
403,,Akil Baddoo,vs LHP,2025,2,0,,2,2,,1,1,0,1,0,0,0,0,0.5,0.5,1.0,1.5,2,0,0,0,0,0,0,0.5,768,315,baddoak01
404,,Ji Hwan Bae,vs LHP,2025,4,0,,4,4,0,0,0,0,0,1,0,0,3,0.0,0.0,0.0,0.0,0,0,0,0,0,0,0,0.0,-100,-100,baeji01
405,,Luken Baker,vs LHP,2025,15,0,,34,27,1,8,3,0,2,0,0,7,9,0.296,0.441,0.407,0.849,11,2,0,0,0,0,0,0.444,146,145,bakerlu01
406,,Moisés Ballesteros,vs LHP,2025,3,0,,4,2,2,0,0,0,0,0,0,2,2,0.0,0.5,0.0,0.5,0,0,0,0,0,0,0,,27,61,ballemo01
407,,Will Banfield,vs LHP,2025,1,0,,1,1,,0,0,0,0,0,0,0,0,0.0,0.0,0.0,0.0,0,1,0,0,0,0,0,0.0,-100,-100,banfiwi01
408,,David Bañuelos,vs LHP,2025,1,0,,1,1,,0,0,0,0,0,0,0,1,0.0,0.0,0.0,0.0,0,0,0,0,0,0,0,,,-100,banueda01
409,,Austin Barnes,vs LHP,2025,4,0,,7,7,1,2,1,0,0,0,0,0,1,0.286,0.286,0.429,0.714,3,0,0,0,0,0,0,0.333,173,101,barneau01
410,,Tucker Barnhart,vs LHP,2025,3,0,,5,5,,0,0,0,0,0,0,0,2,0.0,0.0,0.0,0.0,0,1,0,0,0,0,0,0.0,-100,-100,barnhtu01
411,,Jose Barrero,vs LHP,2025,6,0,,12,11,,1,0,0,0,0,0,1,3,0.091,0.167,0.091,0.258,1,0,0,0,0,0,0,0.125,19,-23,garcijo02
412,,Jake Bauers,vs LHP,2025,14,0,,17,15,1,3,1,0,3,1,0,2,6,0.2,0.294,0.267,0.561,4,0,0,0,0,0,0,0.333,50,63,bauerja01
413,,Steward Berroa,vs LHP,2025,1,0,,4,3,,0,0,0,0,0,0,1,1,0.0,0.25,0.0,0.25,0,0,0,0,0,0,0,0.0,,-20,berrost01
414,,Jon Berti,vs LHP,2025,18,0,,30,29,4,6,0,0,0,2,1,1,3,0.207,0.233,0.207,0.44,6,0,0,0,0,0,0,0.231,79,28,bertijo01
415,,Cavan Biggio,vs LHP,2025,6,0,,9,6,1,1,0,0,0,0,0,1,2,0.167,0.286,0.167,0.452,1,0,0,2,0,0,0,0.25,65,35,biggica01
416,,Dairon Blanco,vs LHP,2025,3,0,,5,5,1,1,1,0,1,1,1,0,2,0.2,0.2,0.4,0.6,2,0,0,0,0,0,1,0.333,140,66,blancda02
417,,Ryan Bliss,vs LHP,2025,8,0,,15,14,0,3,1,0,0,0,2,1,6,0.214,0.267,0.286,0.552,4,1,0,0,0,0,0,0.375,86,59,blissry01
418,,Rob Brantly,vs LHP,2025,3,0,,7,7,,3,0,0,1,0,0,0,1,0.429,0.429,0.429,0.857,3,0,0,0,0,0,0,0.5,100,147,brantro01
419,,Jonah Bride,vs LHP,2025,29,0,,67,58,1,11,1,0,4,0,0,8,19,0.19,0.284,0.207,0.49,12,0,0,0,1,1,3,0.275,125,44,bridejo01
420,,Trenton Brooks,vs LHP,2025,2,0,,2,2,3,0,0,0,0,0,0,0,2,0.0,0.0,0.0,0.0,0,0,0,0,0,0,0,,-100,-100,brooktr01
421,,Seth Brown,vs LHP,2025,5,0,,6,6,,0,0,0,0,0,0,0,4,0.0,0.0,0.0,0.0,0,0,0,0,0,0,0,0.0,-100,-100,brownse01
422,,Vidal Bruján,vs LHP,2025,14,0,,17,15,2,4,1,0,2,0,0,1,7,0.267,0.353,0.333,0.686,5,0,1,0,0,0,0,0.5,123,98,brujavi01
423,,Kris Bryant,vs LHP,2025,7,0,,13,12,1,1,1,0,0,0,0,1,4,0.083,0.154,0.167,0.321,2,0,0,0,0,0,0,0.125,60,-8,bryankr01
424,,Oswaldo Cabrera,vs LHP,2025,17,0,,21,19,3,6,0,0,2,0,0,1,4,0.316,0.381,0.316,0.697,6,1,1,0,0,0,2,0.4,121,103,cabreos01
425,,Luis Campusano,vs LHP,2025,7,0,,17,13,,0,0,0,0,0,0,4,5,0.0,0.235,0.0,0.235,0,2,0,0,0,0,0,0.0,,-24,campulu01
426,,Evan Carter,vs LHP,2025,20,0,,28,23,3,2,0,0,1,0,0,4,5,0.087,0.25,0.087,0.337,2,0,1,0,0,0,0,0.111,-3,3,carteev01
427,,Andrés Chaparro,vs LHP,2025,22,0,,47,42,1,9,2,0,3,0,0,5,15,0.214,0.298,0.262,0.56,11,0,0,0,0,0,0,0.333,122,63,chapaan01
428,,Tsung-Che Cheng,vs LHP,2025,1,0,,1,1,,0,0,0,0,0,0,0,1,0.0,0.0,0.0,0.0,0,0,0,0,0,0,0,,,-100,chengts01
429,,Nathan Church,vs LHP,2025,9,0,,14,12,1,5,1,0,4,0,0,0,4,0.417,0.417,0.5,0.917,6,0,0,2,0,0,0,0.625,264,161,churcna01
430,,Jonatan Clase,vs LHP,2025,16,0,,31,27,3,5,0,0,2,1,1,4,5,0.185,0.29,0.185,0.476,5,0,0,0,0,0,0,0.227,62,40,clasejo01
431,,Kody Clemens,vs LHP,2025,52,0,,89,78,8,15,2,0,5,1,0,6,23,0.192,0.264,0.218,0.482,17,2,2,2,1,0,0,0.268,44,40,clemeko01
432,,Zach Cole,vs LHP,2025,6,0,,11,8,1,1,0,0,0,0,0,3,4,0.125,0.364,0.125,0.489,1,0,0,0,0,0,0,0.25,34,49,coleza01
433,,Griffin Conine,vs LHP,2025,14,0,,23,21,4,7,4,0,3,0,0,2,6,0.333,0.391,0.524,0.915,11,0,0,0,0,0,0,0.467,150,159,coningr01
434,,Billy Cook,vs LHP,2025,2,0,,4,4,1,2,0,0,0,0,0,0,0,0.5,0.5,0.5,1.0,2,0,0,0,0,0,0,0.5,200,188,cookbi01
435,,Kenedy Corona,vs LHP,2025,1,0,,1,0,,0,0,0,0,0,0,1,0,,1.0,,,0,0,0,0,0,0,0,,,,coronke01
436,,Carlos Cortes,vs LHP,2025,3,0,,5,5,1,2,0,0,0,0,0,0,0,0.4,0.4,0.4,0.8,2,0,0,0,0,0,0,0.4,98,130,corteca01
437,,Bobby Dalbec,vs LHP,2025,5,0,,9,8,1,1,0,0,0,0,0,1,3,0.125,0.222,0.125,0.347,1,0,0,0,0,0,0,0.2,12,3,dalbebo01
438,,Logan Davidson,vs LHP,2025,5,0,,8,7,2,4,1,0,2,0,0,1,1,0.571,0.625,0.714,1.339,5,0,0,0,0,0,0,0.667,431,283,davidlo01
439,,J.D. Davis,vs LHP,2025,1,0,,1,1,,0,0,0,0,0,0,0,0,0.0,0.0,0.0,0.0,0,0,0,0,0,0,0,0.0,-100,-100,davisjd01
440,,Bryan De La Cruz,vs LHP,2025,8,0,,13,13,,2,1,0,0,0,0,0,4,0.154,0.154,0.231,0.385,3,0,0,0,0,0,1,0.222,73,8,delacbr01
441,,Adrian Del Castillo,vs LHP,2025,8,0,,9,7,,0,0,0,1,0,0,1,4,0.0,0.111,0.0,0.111,0,0,0,0,1,0,0,0.0,-62,-64,delcaad01
442,,Jonny DeLuca,vs LHP,2025,10,0,,23,23,0,6,0,2,2,1,0,0,5,0.261,0.261,0.435,0.696,10,0,0,0,0,0,0,0.333,69,95,delucjo01
443,,Cam Devanney,vs LHP,2025,9,0,,15,14,1,3,0,0,0,0,1,1,10,0.214,0.267,0.214,0.481,3,0,0,0,0,0,0,0.75,173,40,devanca01
444,,Zach Dezenzo,vs LHP,2025,7,0,,11,9,2,2,2,0,1,1,0,2,3,0.222,0.364,0.444,0.808,4,0,0,0,0,0,0,0.333,134,130,dezenza01
445,,Blake Dunn,vs LHP,2025,17,0,,35,26,4,4,2,0,4,0,0,5,13,0.154,0.371,0.231,0.602,6,1,4,0,0,0,0,0.308,115,78,dunnbl01
446,,Oliver Dunn,vs LHP,2025,5,0,,6,5,1,0,0,0,1,0,0,0,1,0.0,0.0,0.0,0.0,0,0,0,1,0,0,0,0.0,-100,-100,dunnol01
447,,Ezequiel Duran,vs LHP,2025,44,0,,94,91,2,21,5,0,6,2,0,2,29,0.231,0.255,0.286,0.541,26,1,1,0,0,0,0,0.339,94,55,duranez01
448,,Nate Eaton,vs LHP,2025,21,0,,49,43,6,12,2,0,1,1,2,4,10,0.279,0.347,0.326,0.673,14,1,1,0,1,0,1,0.353,85,95,eatonna01
449,,Xavier Edwards,vs LHP,2025,98,0,,198,182,15,43,3,2,10,10,2,14,31,0.236,0.289,0.275,0.564,50,1,0,1,1,0,2,0.283,62,63,edwarxa01
450,,Bryce Eldridge,vs LHP,2025,2,0,,2,2,,0,0,0,0,0,0,0,0,0.0,0.0,0.0,0.0,0,0,0,0,0,0,0,0.0,-100,-100,eldribr01
451,,Christian Encarnacion-Strand,vs LHP,2025,18,0,,33,33,,2,0,0,0,0,0,0,11,0.061,0.061,0.061,0.121,2,1,0,0,0,0,0,0.091,-58,-65,encarch01
452,,Tristin English,vs LHP,2025,2,0,,4,4,,0,0,0,0,0,0,0,2,0.0,0.0,0.0,0.0,0,0,0,0,0,0,0,0.0,-100,-100,englitr01
453,,J.C. Escarra,vs LHP,2025,11,0,,15,14,1,4,1,0,2,1,0,1,4,0.286,0.333,0.357,0.69,5,0,0,0,0,0,0,0.4,120,98,escarjc01
454,,Santiago Espinal,vs LHP,2025,70,0,,126,117,10,31,9,0,6,0,0,9,11,0.265,0.317,0.342,0.659,40,4,0,0,0,0,0,0.292,130,89,espinsa01
455,,Stuart Fairchild,vs LHP,2025,19,0,,35,31,5,7,2,1,2,2,1,4,8,0.226,0.314,0.355,0.669,11,2,0,0,0,0,1,0.304,122,91,faircst01
456,,Hunter Feduccia,vs LHP,2025,17,0,,21,21,,1,1,0,0,0,0,0,11,0.048,0.048,0.095,0.143,2,0,0,0,0,0,0,0.1,-36,-60,feduchu01
457,,José Fermín,vs LHP,2025,10,0,,11,10,1,3,1,0,1,2,1,1,2,0.3,0.364,0.4,0.764,4,0,0,0,0,0,0,0.375,93,119,fermijo01
458,,Yanquiel Fernández,vs LHP,2025,8,0,,9,9,1,3,1,0,0,0,0,0,2,0.333,0.333,0.444,0.778,4,1,0,0,0,0,0,0.429,153,120,fernaya01
459,,Dominic Fletcher,vs LHP,2025,4,0,,6,5,1,1,1,0,0,0,0,1,0,0.2,0.333,0.4,0.733,2,0,0,0,0,0,0,0.2,111,109,fletcdo01
460,,Rafael Flores,vs LHP,2025,4,0,,9,8,,1,1,0,0,0,0,1,5,0.125,0.222,0.25,0.472,2,0,0,0,0,0,0,0.333,51,35,florera03
461,,Harry Ford,vs LHP,2025,3,0,,4,3,,0,0,0,1,0,0,0,2,0.0,0.0,0.0,0.0,0,0,0,0,1,0,0,0.0,-100,-100,fordha01
462,,Justin Foscue,vs LHP,2025,4,0,,9,9,,1,1,0,2,0,0,0,3,0.111,0.111,0.222,0.333,2,0,0,0,0,0,0,0.167,100,-8,foscuju01
463,,Jake Fraley,vs LHP,2025,9,0,,11,9,6,2,0,0,0,0,0,2,3,0.222,0.364,0.222,0.586,2,0,0,0,0,0,0,0.333,68,74,fraleja01
464,,Alex Freeland,vs LHP,2025,9,0,,16,14,1,2,0,0,0,0,0,2,8,0.143,0.25,0.143,0.393,2,0,0,0,0,0,0,0.333,32,17,freelal01
465,,Sal Frelick,vs LHP,2025,92,0,,174,156,20,47,6,0,15,6,3,10,23,0.301,0.357,0.34,0.696,53,1,4,2,1,0,0,0.351,86,101,frelisa01
466,,Braxton Fulford,vs LHP,2025,25,0,,43,39,3,11,3,2,7,0,0,3,10,0.282,0.326,0.462,0.787,18,1,0,0,1,0,0,0.367,165,122,fulfobr01
467,,Aramis Garcia,vs LHP,2025,1,0,,2,2,,0,0,0,0,0,0,0,1,0.0,0.0,0.0,0.0,0,0,0,0,0,0,0,0.0,,-100,garciar01
468,,Jhostynxon Garcia,vs LHP,2025,3,0,,7,5,,1,1,0,0,0,0,2,4,0.2,0.429,0.4,0.829,2,0,0,0,0,0,0,1.0,169,140,garcijh01
469,,Luis García Jr.,vs LHP,2025,68,0,,107,95,5,17,4,0,9,1,0,6,18,0.179,0.224,0.221,0.445,21,2,1,0,5,0,0,0.207,31,28,garcilu04
470,,Mickey Gasper,vs LHP,2025,23,0,,37,32,5,6,0,0,5,0,0,4,9,0.188,0.278,0.188,0.465,6,1,0,1,0,0,0,0.261,89,37,gaspemi01
471,,Zack Gelof,vs LHP,2025,13,0,,26,25,0,3,1,0,2,1,0,1,16,0.12,0.154,0.16,0.314,4,0,0,0,0,0,0,0.333,26,-10,gelofza01
472,,Drew Gilbert,vs LHP,2025,11,0,,19,18,1,2,1,0,1,0,0,1,5,0.111,0.158,0.167,0.325,3,0,0,0,0,0,0,0.154,11,-7,gilbedr01
473,,Oscar González,vs LHP,2025,14,0,,29,28,1,5,1,0,2,0,0,1,8,0.179,0.207,0.214,0.421,6,0,0,0,0,0,0,0.25,74,21,gonzaos01
474,,Luis Guillorme,vs LHP,2025,2,0,,3,3,,0,0,0,0,0,0,0,2,0.0,0.0,0.0,0.0,0,1,0,0,0,0,0,0.0,-100,-100,guilllu01
475,,Yuli Gurriel,vs LHP,2025,11,0,,27,25,2,3,1,0,2,0,0,2,4,0.12,0.185,0.16,0.345,4,0,0,0,0,0,0,0.143,108,0,gourryu01
476,,Denzer Guzman,vs LHP,2025,4,0,,8,8,1,0,0,0,0,0,0,0,5,0.0,0.0,0.0,0.0,0,0,0,0,0,0,0,0.0,-100,-100,guzmade01
477,,Sam Haggerty,vs LHP,2025,44,0,,94,85,16,27,6,2,6,6,2,7,18,0.318,0.376,0.435,0.812,37,1,1,0,0,1,2,0.403,132,132,haggesa01
478,,Petey Halpin,vs LHP,2025,1,0,,1,1,1,1,0,0,0,0,0,0,0,1.0,1.0,1.0,2.0,1,0,0,0,0,0,0,1.0,400,476,halpipe01
479,,David Hamilton,vs LHP,2025,18,0,,20,19,4,3,0,0,2,2,1,0,6,0.158,0.2,0.158,0.358,3,1,1,0,0,0,0,0.231,25,5,hamilda03
480,,Garrett Hampson,vs LHP,2025,23,0,,40,33,6,4,1,0,0,1,0,5,11,0.121,0.237,0.152,0.388,5,2,0,2,0,0,0,0.182,85,15,hampsga01
481,,Maverick Handley,vs LHP,2025,5,0,,7,4,,0,0,0,1,0,0,1,3,0.0,0.286,0.0,0.286,0,0,1,0,1,0,0,0.0,115,-8,handlma01
482,,Brett Harris,vs LHP,2025,17,0,,31,27,3,6,1,0,1,0,0,3,9,0.222,0.3,0.259,0.559,7,1,0,1,0,0,1,0.333,62,62,harribr02
483,,Dustin Harris,vs LHP,2025,2,0,,2,2,,0,0,0,0,0,0,0,1,0.0,0.0,0.0,0.0,0,0,0,0,0,0,0,0.0,-100,-100,harridu01
484,,Robert Hassell III,vs LHP,2025,23,0,,38,35,4,8,1,0,2,0,0,2,13,0.229,0.289,0.257,0.547,9,1,1,0,0,0,1,0.364,94,58,hassero02
485,,Ke'Bryan Hayes,vs LHP,2025,65,0,,121,113,12,24,5,0,10,2,1,7,25,0.212,0.256,0.257,0.513,29,3,0,0,1,1,1,0.27,72,48,hayeske01
486,,José Herrera,vs LHP,2025,35,0,,59,50,6,13,3,0,5,0,0,6,18,0.26,0.333,0.32,0.653,16,1,0,2,1,0,0,0.394,140,89,herrejo04
487,,Jason Heyward,vs LHP,2025,10,0,,12,11,3,4,0,0,0,0,0,1,2,0.364,0.417,0.364,0.78,4,0,0,0,0,0,0,0.444,221,127,heywaja01
488,,Liam Hicks,vs LHP,2025,49,0,,66,51,8,10,2,0,5,0,0,8,10,0.196,0.333,0.235,0.569,12,1,3,3,1,0,1,0.238,64,67,hicksli01
489,,Sam Hilliard,vs LHP,2025,3,0,,4,3,,0,0,0,0,0,0,1,2,0.0,0.25,0.0,0.25,0,0,0,0,0,0,0,0.0,-24,-20,hillisa01
490,,Rece Hinds,vs LHP,2025,10,0,,19,19,,0,0,0,0,0,0,0,13,0.0,0.0,0.0,0.0,0,0,0,0,0,0,0,0.0,-100,-100,hindsre01
491,,Keston Hiura,vs LHP,2025,2,0,,4,4,,1,0,0,1,0,0,0,2,0.25,0.25,0.25,0.5,1,0,0,0,0,0,0,0.5,65,44,hiurake01
492,,Brady House,vs LHP,2025,42,0,,82,79,5,17,4,0,4,1,2,2,26,0.215,0.232,0.266,0.498,21,4,0,0,1,0,0,0.315,75,42,housebr01
493,,Jacob Hurtubise,vs LHP,2025,1,0,,1,1,1,0,0,0,0,0,0,0,0,0.0,0.0,0.0,0.0,0,0,0,0,0,0,0,0.0,-100,-100,hurtuja01
494,,Kyle Isbel,vs LHP,2025,52,0,,75,64,6,14,2,0,6,1,2,5,20,0.219,0.296,0.25,0.546,16,0,2,4,0,0,0,0.318,69,59,isbelky01
495,,Travis Jankowski,vs LHP,2025,7,0,,7,7,1,2,0,0,0,0,0,0,2,0.286,0.286,0.286,0.571,2,0,0,0,0,0,0,0.4,99,65,jankotr01
496,,Carter Jensen,vs LHP,2025,11,0,,14,12,1,2,0,0,0,0,0,2,0,0.167,0.286,0.167,0.452,2,0,0,0,0,0,0,0.167,4,35,jenseca01
497,,Connor Joe,vs LHP,2025,27,0,,40,34,1,5,1,0,2,0,1,4,8,0.147,0.25,0.176,0.426,6,1,1,0,1,0,0,0.185,68,25,joeco01
498,,Bryce Johnson,vs LHP,2025,21,0,,35,30,3,9,1,0,2,3,0,3,7,0.3,0.364,0.333,0.697,10,0,0,2,0,0,0,0.391,72,102,johnsbr03
499,,Daniel Johnson,vs LHP,2025,5,0,,7,7,2,2,1,0,0,0,0,0,1,0.286,0.286,0.429,0.714,3,0,0,0,0,0,0,0.333,158,101,johnsda07
500,,Troy Johnston,vs LHP,2025,5,0,,8,8,1,1,0,0,0,0,0,0,3,0.125,0.125,0.125,0.25,1,0,0,0,0,0,0,0.2,-33,-28,johnstr02
501,,Nolan Jones,vs LHP,2025,52,0,,85,76,4,14,1,0,6,2,2,6,32,0.184,0.262,0.197,0.459,15,3,2,1,0,0,0,0.318,53,34,jonesno01
502,,Corey Julks,vs LHP,2025,4,0,,8,7,,1,0,0,1,0,0,0,2,0.143,0.125,0.143,0.268,1,0,0,0,1,0,0,0.167,-12,-23,julksco01
503,,Jace Jung,vs LHP,2025,2,0,,2,2,2,0,0,0,0,0,0,0,0,0.0,0.0,0.0,0.0,0,1,0,0,0,0,0,0.0,-100,-100,jungja01
504,,Connor Kaiser,vs LHP,2025,4,0,,5,5,,1,1,0,1,0,0,0,2,0.2,0.2,0.4,0.6,2,0,0,0,0,0,0,0.333,266,66,kaiseco01
505,,Kyle Karros,vs LHP,2025,16,0,,34,31,4,4,2,0,0,0,0,3,8,0.129,0.206,0.194,0.399,6,2,0,0,0,0,0,0.174,37,16,karroky01
506,,Niko Kavadas,vs LHP,2025,2,0,,4,4,,0,0,0,0,0,0,0,3,0.0,0.0,0.0,0.0,0,0,0,0,0,0,0,0.0,-100,-100,kavadni01
507,,DaShawn Keirsey Jr.,vs LHP,2025,16,0,,19,17,4,1,0,0,1,0,0,1,12,0.059,0.111,0.059,0.17,1,0,0,1,0,0,0,0.2,13,-49,keirsda01
508,,Colt Keith,vs LHP,2025,30,0,,46,43,8,7,1,0,1,0,0,3,12,0.163,0.217,0.186,0.403,8,1,0,0,0,0,1,0.226,10,17,keithco01
509,,Jarred Kelenic,vs LHP,2025,6,0,,6,6,1,0,0,0,0,0,0,0,4,0.0,0.0,0.0,0.0,0,0,0,0,0,0,0,0.0,-100,-100,kelenja01
510,,Buddy Kennedy,vs LHP,2025,9,0,,21,19,2,2,1,0,1,0,0,2,6,0.105,0.19,0.158,0.348,3,0,0,0,0,0,0,0.154,175,1,kennebu01
511,,Carter Kieboom,vs LHP,2025,1,0,,2,2,,0,0,0,0,0,0,0,0,0.0,0.0,0.0,0.0,0,0,0,0,0,0,0,0.0,-100,-100,kieboca01
512,,Scott Kingery,vs LHP,2025,8,0,,12,12,3,3,0,0,0,1,0,0,4,0.25,0.25,0.25,0.5,3,0,0,0,0,0,0,0.375,156,44,kingesc01
513,,Heston Kjerstad,vs LHP,2025,13,0,,23,21,5,2,0,0,1,0,0,1,9,0.095,0.174,0.095,0.269,2,4,1,0,0,0,0,0.167,2,-20,kjershe01
514,,Christian Koss,vs LHP,2025,26,0,,47,43,4,12,1,0,2,0,0,2,17,0.279,0.34,0.302,0.643,13,0,2,0,0,0,1,0.462,92,86,kossch01
515,,Ryan Kreidler,vs LHP,2025,10,0,,17,13,3,1,0,0,0,1,0,2,6,0.077,0.2,0.077,0.277,1,0,0,2,0,0,0,0.143,79,-16,kreidry01
516,,Steven Kwan,vs LHP,2025,106,0,,224,203,17,50,7,0,12,7,1,15,20,0.246,0.3,0.281,0.581,57,2,2,1,3,1,1,0.269,66,68,kwanst01
517,,Jordan Lawlar,vs LHP,2025,21,0,,37,32,7,6,4,0,3,1,0,4,10,0.188,0.27,0.313,0.583,10,0,0,0,1,0,0,0.261,114,67,lawlajo01
518,,DJ LeMahieu,vs LHP,2025,25,0,,51,44,6,10,0,0,3,0,0,7,14,0.227,0.333,0.227,0.561,10,2,0,0,0,0,1,0.333,66,65,lemahdj01
519,,Sandy León,vs LHP,2025,2,0,,4,4,,0,0,0,1,0,0,0,1,0.0,0.0,0.0,0.0,0,0,0,0,0,0,0,0.0,-100,-100,leonsa01
520,,Trey Lipscomb,vs LHP,2025,1,0,,1,1,1,1,0,0,0,0,0,0,0,1.0,1.0,1.0,2.0,1,0,0,0,0,0,0,1.0,300,476,lipsctr01
521,,Brandon Lockridge,vs LHP,2025,39,0,,73,67,7,14,5,1,3,3,1,4,18,0.209,0.254,0.313,0.567,21,0,0,2,0,0,0,0.286,97,61,lockrbr01
522,,Joey Loperfido,vs LHP,2025,12,0,,23,20,1,7,0,0,3,1,0,1,4,0.35,0.409,0.35,0.759,7,2,1,1,0,0,0,0.438,78,121,loperjo01
523,,Nicky Lopez,vs LHP,2025,2,0,,2,2,,0,0,0,0,0,0,0,0,0.0,0.0,0.0,0.0,0,0,0,0,0,0,0,0.0,-100,-100,lopezni01
524,,Nathan Lukes,vs LHP,2025,37,0,,53,42,7,10,3,1,6,0,0,6,12,0.238,0.34,0.357,0.697,15,1,1,3,1,0,0,0.323,93,100,lukesna01
525,,Gavin Lux,vs LHP,2025,47,0,,63,56,6,10,1,0,6,1,0,7,19,0.179,0.27,0.196,0.466,11,0,0,0,0,0,0,0.27,30,37,luxga01
526,,Vimael Machín,vs LHP,2025,2,0,,2,2,,0,0,0,0,0,0,0,1,0.0,0.0,0.0,0.0,0,0,0,0,0,0,0,0.0,-100,-100,machivi01
527,,Luke Maile,vs LHP,2025,11,0,,19,15,,3,1,0,2,0,0,2,9,0.2,0.294,0.267,0.561,4,1,0,2,0,0,0,0.5,60,63,mailelu01
528,,Rafael Marchán,vs LHP,2025,23,0,,35,30,4,8,1,0,1,0,0,4,4,0.267,0.353,0.3,0.653,9,1,0,1,0,0,0,0.308,124,90,marchra01
529,,Manuel Margot,vs LHP,2025,6,0,,15,14,1,4,0,0,2,0,0,0,4,0.286,0.267,0.286,0.552,4,0,0,0,1,0,0,0.364,80,59,margoma01
530,,Nick Martini,vs LHP,2025,5,0,,5,4,,0,0,0,0,0,0,1,0,0.0,0.2,0.0,0.2,0,0,0,0,0,0,0,0.0,-31,-36,martini02
531,,Michael Massey,vs LHP,2025,34,0,,49,47,3,11,2,0,4,1,0,1,9,0.234,0.25,0.277,0.527,13,0,0,1,0,0,0,0.289,82,51,massemi02
532,,Miles Mastrobuoni,vs LHP,2025,15,0,,19,17,3,5,3,0,1,0,0,1,4,0.294,0.333,0.471,0.804,8,0,0,1,0,0,0,0.385,162,127,mastrmi01
533,,Jorge Mateo,vs LHP,2025,16,0,,39,39,2,8,3,0,0,7,0,0,13,0.205,0.205,0.282,0.487,11,0,0,0,0,0,0,0.308,101,38,mateojo01
534,,Nick Maton,vs LHP,2025,1,0,,1,0,,0,0,0,0,0,0,1,0,,1.0,,,0,0,0,0,0,0,0,,,,matonni01
535,,Brice Matthews,vs LHP,2025,6,0,,11,10,,0,0,0,0,0,0,1,6,0.0,0.091,0.0,0.091,0,0,0,0,0,0,0,0.0,-59,-71,matthbr01
536,,Ronny Mauricio,vs LHP,2025,23,0,,38,36,2,3,0,0,0,0,0,2,14,0.083,0.132,0.083,0.215,3,2,0,0,0,0,1,0.136,-33,-36,mauriro01
537,,Marcelo Mayer,vs LHP,2025,18,0,,27,26,3,4,0,1,1,0,0,1,10,0.154,0.185,0.231,0.416,6,0,0,0,0,0,0,0.25,26,18,mayerma01
538,,Jake McCarthy,vs LHP,2025,27,0,,42,42,3,9,1,1,1,0,0,0,6,0.214,0.214,0.286,0.5,12,0,0,0,0,0,1,0.25,70,42,mccarja02
539,,Mason McCoy,vs LHP,2025,3,0,,6,4,1,0,0,0,0,0,0,2,1,0.0,0.333,0.0,0.333,0,0,0,0,0,0,1,0.0,24,7,mccoyma01
540,,Grant McCray,vs LHP,2025,4,0,,4,4,,0,0,0,0,0,0,0,2,0.0,0.0,0.0,0.0,0,0,0,0,0,0,0,0.0,-100,-100,mccragr01
541,,Carson McCusker,vs LHP,2025,14,0,,25,24,0,5,0,0,1,0,1,1,12,0.208,0.24,0.208,0.448,5,0,0,0,0,0,0,0.417,141,30,mccusca01
542,,Billy McKinney,vs LHP,2025,1,0,,1,1,,0,0,0,0,0,0,0,0,0.0,0.0,0.0,0.0,0,0,0,0,0,0,0,0.0,-100,-100,mckinbi01
543,,Parker Meadows,vs LHP,2025,24,0,,46,41,6,8,1,0,1,0,0,5,11,0.195,0.283,0.22,0.502,9,0,0,0,0,0,0,0.267,64,47,meadopa01
544,,Jacob Melton,vs LHP,2025,7,0,,15,14,1,2,0,0,1,2,0,1,5,0.143,0.2,0.143,0.343,2,2,0,0,0,0,0,0.222,62,1,meltoja01
545,,Jake Meyers,vs LHP,2025,40,0,,71,67,11,19,5,0,5,5,3,3,11,0.284,0.324,0.358,0.682,24,1,1,0,0,0,1,0.339,88,95,meyerja02
546,,Drew Millas,vs LHP,2025,9,0,,13,12,,2,1,0,2,0,0,1,5,0.167,0.231,0.25,0.481,3,0,0,0,0,0,0,0.286,20,38,milladr01
547,,Owen Miller,vs LHP,2025,5,0,,8,6,0,0,0,0,0,1,0,1,2,0.0,0.25,0.0,0.25,0,0,1,0,0,0,0,0.0,-15,-20,milleow01
548,,José Miranda,vs LHP,2025,10,0,,15,15,,1,0,0,0,0,0,0,8,0.067,0.067,0.067,0.133,1,0,0,0,0,0,0,0.143,-33,-61,miranjo01
549,,Garrett Mitchell,vs LHP,2025,14,0,,24,20,2,4,0,0,1,1,0,2,4,0.2,0.304,0.2,0.504,4,0,1,1,0,0,0,0.25,74,49,mitchga01
550,,Yoán Moncada,vs LHP,2025,19,0,,27,23,,4,1,0,1,0,0,2,6,0.174,0.259,0.217,0.477,5,0,1,0,1,0,0,0.222,26,39,moncayo01
551,,Coco Montes,vs LHP,2025,4,0,,8,8,,2,0,0,1,0,0,0,2,0.25,0.25,0.25,0.5,2,0,0,0,0,0,0,0.333,150,44,monteco01
552,,Ryan Mountcastle,vs LHP,2025,49,0,,90,84,5,22,3,0,10,0,0,4,23,0.262,0.3,0.298,0.598,25,0,1,0,1,0,2,0.355,86,72,mountry01
553,,Omar Narváez,vs LHP,2025,2,0,,3,3,1,0,0,0,0,0,0,0,1,0.0,0.0,0.0,0.0,0,0,0,0,0,0,0,0.0,-100,-100,narvaom01
554,,Kevin Newman,vs LHP,2025,23,0,,38,36,4,7,1,0,1,1,0,1,9,0.194,0.216,0.222,0.438,8,1,0,1,0,0,2,0.259,85,26,newmake01
555,,Tomás Nido,vs LHP,2025,7,0,,10,9,1,4,0,0,1,0,0,0,1,0.444,0.444,0.444,0.889,4,1,0,1,0,0,0,0.5,152,156,nidoto01
556,,Ryan Noda,vs LHP,2025,3,0,,4,3,1,0,0,0,0,0,0,1,3,0.0,0.25,0.0,0.25,0,0,0,0,0,0,0,,-9,-20,nodary01
557,,Austin Nola,vs LHP,2025,5,0,,6,4,,0,0,0,0,0,0,1,0,0.0,0.2,0.0,0.2,0,0,0,1,0,0,0,0.0,-11,-36,nolaau01
558,,Dom Nuñez,vs LHP,2025,2,0,,6,6,1,2,0,0,0,0,0,0,3,0.333,0.333,0.333,0.667,2,0,0,0,0,0,0,0.667,133,92,nunezdo01
559,,Shinnosuke Ogasawara,vs LHP,2025,1,0,,1,1,,0,0,0,0,0,0,0,1,0.0,0.0,0.0,0.0,0,0,0,0,0,0,0,,,-100,ogasash01
560,,Jonathan Ornelas,vs LHP,2025,3,0,,3,2,1,1,0,0,0,0,0,1,0,0.5,0.667,0.5,1.167,1,0,0,0,0,0,0,0.5,348,242,orneljo01
561,,Alejandro Osuna,vs LHP,2025,11,0,,13,11,,1,1,0,2,0,0,1,3,0.091,0.231,0.182,0.413,2,0,1,0,0,0,0,0.125,39,21,osunaal02
562,,Joshua Palacios,vs LHP,2025,12,0,,18,18,3,2,1,0,0,0,0,0,8,0.111,0.111,0.167,0.278,3,0,0,0,0,0,0,0.2,-7,-22,palacjo01
563,,Richie Palacios,vs LHP,2025,9,0,,19,15,3,4,0,0,1,1,0,3,2,0.267,0.368,0.267,0.635,4,0,0,0,1,0,0,0.286,52,86,palacri01
564,,Graham Pauley,vs LHP,2025,18,0,,24,18,3,4,2,0,0,0,0,5,2,0.222,0.391,0.333,0.725,6,0,0,1,0,0,0,0.25,117,111,paulegr01
565,,Oswald Peraza,vs LHP,2025,42,0,,82,76,7,8,3,0,2,0,0,6,29,0.105,0.171,0.145,0.315,11,3,0,0,0,0,0,0.17,35,-8,perazos02
566,,Jhonny Pereda,vs LHP,2025,16,0,,23,21,3,5,1,0,0,0,0,2,8,0.238,0.304,0.286,0.59,6,1,0,0,0,0,0,0.385,79,71,peredjh01
567,,Tristan Peters,vs LHP,2025,1,0,,2,2,,0,0,0,0,0,0,0,2,0.0,0.0,0.0,0.0,0,0,0,0,0,0,0,,,-100,petertr01
568,,Kevin Pillar,vs LHP,2025,18,0,,35,35,5,8,2,0,1,3,0,0,7,0.229,0.229,0.286,0.514,10,0,0,0,0,0,0,0.286,121,46,pillake01
569,,Luke Raley,vs LHP,2025,23,0,,36,32,2,3,1,0,1,1,0,3,10,0.094,0.194,0.125,0.319,4,0,1,0,0,0,0,0.136,1,-6,raleylu01
570,,Bryan Ramos,vs LHP,2025,1,0,,2,2,,1,1,0,0,0,0,0,0,0.5,0.5,1.0,1.5,2,0,0,0,0,0,0,0.5,500,315,ramosbr01
571,,John Rave,vs LHP,2025,16,0,,23,18,3,5,0,0,1,3,0,3,5,0.278,0.409,0.278,0.687,5,0,1,1,0,0,0,0.385,135,102,ravejo01
572,,Hunter Renfroe,vs LHP,2025,23,0,,42,37,3,9,3,0,1,0,0,4,6,0.243,0.31,0.324,0.634,12,2,0,0,1,0,0,0.281,163,82,renfrhu01
573,,Pablo Reyes,vs LHP,2025,12,0,,18,16,,2,0,0,2,0,0,2,5,0.125,0.222,0.125,0.347,2,0,0,0,0,0,0,0.182,47,3,reyespa01
574,,Ryan Ritter,vs LHP,2025,24,0,,44,40,6,12,3,0,5,0,0,1,9,0.3,0.326,0.375,0.701,15,1,1,1,1,0,0,0.375,121,100,rittery01
575,,Leo Rivas,vs LHP,2025,23,0,,41,36,5,11,2,0,2,1,0,5,7,0.306,0.39,0.361,0.751,13,0,0,0,0,0,0,0.379,109,117,rivasle01
576,,Emmanuel Rivera,vs LHP,2025,20,0,,35,33,3,10,1,0,5,1,0,2,7,0.303,0.343,0.333,0.676,11,0,0,0,0,0,1,0.385,136,95,riverem01
577,,Sebastián Rivero,vs LHP,2025,4,0,,5,4,1,1,0,0,0,1,0,1,0,0.25,0.4,0.25,0.65,1,0,0,0,0,0,0,0.25,198,92,riverse01
578,,Will Robertson,vs LHP,2025,7,0,,10,9,,2,0,0,2,0,0,0,3,0.222,0.2,0.222,0.422,2,0,0,0,1,0,0,0.286,171,21,roberwi02
579,,Chuckie Robinson,vs LHP,2025,1,0,,2,1,1,0,0,0,0,0,0,0,0,0.0,0.0,0.0,0.0,0,0,0,1,0,0,0,0.0,,-100,robinch04
580,,Víctor Robles,vs LHP,2025,22,0,,48,45,4,13,1,0,5,4,1,2,8,0.289,0.313,0.311,0.624,14,2,0,0,1,0,0,0.342,106,80,roblevi01
581,,Endy Rodríguez,vs LHP,2025,6,0,,12,11,1,3,1,0,0,0,0,1,4,0.273,0.333,0.364,0.697,4,0,0,0,0,0,0,0.429,181,100,rodrien01
582,,Trevor Rogers,vs LHP,2025,1,0,,2,2,,0,0,0,0,0,0,0,2,0.0,0.0,0.0,0.0,0,0,0,0,0,0,0,,,-100,rogertr01
583,,Josh Rojas,vs LHP,2025,22,0,,30,29,1,5,2,0,3,0,0,0,8,0.172,0.172,0.241,0.414,7,0,0,1,0,0,2,0.238,61,17,rojasjo01
584,,Drew Romo,vs LHP,2025,2,0,,2,2,,0,0,0,0,0,0,0,2,0.0,0.0,0.0,0.0,0,0,0,0,0,0,0,,,-100,romodr01
585,,Ben Rortvedt,vs LHP,2025,17,0,,24,20,,5,0,0,3,0,0,2,4,0.25,0.318,0.25,0.568,5,0,0,2,0,0,0,0.313,155,66,rortvbe01
586,,Dalton Rushing,vs LHP,2025,25,0,,41,35,2,6,0,0,6,0,0,3,15,0.171,0.244,0.171,0.415,6,0,1,0,2,0,0,0.273,47,22,rushida01
587,,Blake Sabol,vs LHP,2025,4,0,,5,4,,0,0,0,1,0,0,0,2,0.0,0.0,0.0,0.0,0,0,0,0,1,0,0,0.0,-100,-100,sabolbl01
588,,César Salazar,vs LHP,2025,4,0,,7,6,,3,0,0,1,0,0,0,2,0.5,0.571,0.5,1.071,3,0,1,0,0,0,0,0.75,269,211,salazce01
589,,Ali Sánchez,vs LHP,2025,5,0,,6,6,,2,1,0,0,0,0,0,1,0.333,0.333,0.5,0.833,3,0,0,0,0,0,0,0.4,218,134,sanchal04
590,,Anthony Santander,vs LHP,2025,28,0,,55,48,6,7,2,0,3,0,0,7,20,0.146,0.255,0.188,0.442,9,0,0,0,0,0,0,0.25,58,30,santaan02
591,,Daniel Schneemann,vs LHP,2025,43,0,,62,53,7,8,1,0,4,1,1,7,22,0.151,0.258,0.17,0.428,9,0,1,0,1,0,0,0.25,39,26,schneda04
592,,Max Schuemann,vs LHP,2025,39,0,,65,56,2,9,2,0,4,2,0,7,7,0.161,0.266,0.196,0.462,11,3,1,1,0,0,0,0.184,62,35,schuema01
593,,Aaron Schunk,vs LHP,2025,9,0,,21,21,0,3,0,0,0,0,0,0,7,0.143,0.143,0.143,0.286,3,1,0,0,0,0,0,0.214,41,-18,schunaa01
594,,Victor Scott II,vs LHP,2025,73,0,,131,108,11,22,4,0,10,3,1,11,36,0.204,0.29,0.241,0.531,26,1,3,7,2,0,0,0.297,77,55,scottvi01
595,,Anthony Seigler,vs LHP,2025,3,0,,4,4,,2,0,0,0,0,0,0,1,0.5,0.5,0.5,1.0,2,0,0,0,0,0,0,0.667,309,188,seiglan01
596,,Hayden Senger,vs LHP,2025,11,0,,18,16,2,2,0,0,2,0,0,0,8,0.125,0.167,0.125,0.292,2,0,1,0,1,0,0,0.222,40,-15,sengeha01
597,,Bob Seymour,vs LHP,2025,13,0,,18,18,2,4,0,0,0,0,0,0,11,0.222,0.222,0.222,0.444,4,0,0,0,0,0,0,0.571,67,28,seymobo01
598,,Michael Siani,vs LHP,2025,2,0,,3,3,,0,0,0,0,0,0,0,1,0.0,0.0,0.0,0.0,0,0,0,0,0,0,0,0.0,-100,-100,sianimi01
599,,Ronny Simon,vs LHP,2025,10,0,,14,12,,2,0,0,1,0,0,1,2,0.167,0.231,0.167,0.397,2,0,0,1,0,0,0,0.2,38,17,simonro01
600,,Chandler Simpson,vs LHP,2025,68,0,,113,107,13,32,0,0,6,8,2,5,9,0.299,0.33,0.299,0.629,32,3,0,0,0,0,1,0.327,88,82,simpsch01
601,,Jon Singleton,vs LHP,2025,1,0,,2,2,,0,0,0,0,0,0,0,0,0.0,0.0,0.0,0.0,0,0,0,0,0,0,0,0.0,-100,-100,singljo02
602,,Jose Siri,vs LHP,2025,5,0,,13,13,2,1,1,0,0,0,0,0,11,0.077,0.077,0.154,0.231,2,0,0,0,0,0,0,0.5,69,-36,sirijo01
603,,Dominic Smith,vs LHP,2025,22,0,,27,25,3,5,2,0,1,0,0,1,4,0.2,0.259,0.28,0.539,7,0,1,0,0,0,0,0.238,45,55,smithdo02
604,,Josh Smith,vs LHP,2025,76,0,,121,107,10,22,2,0,6,4,1,9,32,0.206,0.277,0.224,0.502,24,0,2,2,1,0,0,0.289,44,46,smithjo11
605,,Pavin Smith,vs LHP,2025,20,0,,24,18,2,3,0,0,0,0,1,6,9,0.167,0.375,0.167,0.542,3,1,0,0,0,0,0,0.333,42,63,smithpa04
606,,Nick Sogard,vs LHP,2025,18,0,,35,35,6,13,4,0,2,0,1,0,9,0.371,0.371,0.486,0.857,17,1,0,0,0,0,0,0.5,158,143,sogarni01
607,,Nick Solak,vs LHP,2025,3,0,,8,8,,1,0,0,0,0,0,0,2,0.125,0.125,0.125,0.25,1,0,0,0,0,0,0,0.167,175,-28,solakni01
608,,Jacob Stallings,vs LHP,2025,20,0,,40,38,2,2,0,0,0,0,0,2,18,0.053,0.1,0.053,0.153,2,3,0,0,0,0,1,0.1,-17,-54,stallja01
609,,Michael Stefanic,vs LHP,2025,2,0,,5,4,,0,0,0,0,0,0,1,2,0.0,0.2,0.0,0.2,0,0,0,0,0,0,0,0.0,-29,-36,stefami01
610,,Chad Stevens,vs LHP,2025,2,0,,3,3,,0,0,0,0,0,0,0,3,0.0,0.0,0.0,0.0,0,0,0,0,0,0,0,,-100,-100,stevech02
611,,CJ Stubbs,vs LHP,2025,1,0,,1,1,,0,0,0,0,0,0,0,0,0.0,0.0,0.0,0.0,0,0,0,0,0,0,0,0.0,,-100,stubbcj01
612,,Garrett Stubbs,vs LHP,2025,1,0,,1,1,1,0,0,0,0,0,0,0,0,0.0,0.0,0.0,0.0,0,0,0,0,0,0,0,0.0,,-100,stubbga01
613,,Jack Suwinski,vs LHP,2025,6,0,,7,7,1,0,0,0,0,0,0,0,2,0.0,0.0,0.0,0.0,0,0,0,0,0,0,0,0.0,-100,-100,suwinja01
614,,Trey Sweeney,vs LHP,2025,35,0,,50,46,7,11,0,1,4,0,0,2,15,0.239,0.26,0.283,0.543,13,0,0,0,2,0,0,0.333,98,56,sweentr01
615,,Leody Taveras,vs LHP,2025,20,0,,31,29,2,8,1,0,3,1,1,2,9,0.276,0.323,0.31,0.633,9,0,0,0,0,0,0,0.4,145,83,taverle01
616,,Chris Taylor,vs LHP,2025,21,0,,36,34,2,4,1,0,1,0,0,2,12,0.118,0.167,0.147,0.314,5,0,0,0,0,0,0,0.182,14,-9,tayloch03
617,,Samad Taylor,vs LHP,2025,2,0,,6,5,1,1,0,0,0,0,0,0,1,0.2,0.2,0.2,0.4,1,0,0,1,0,0,0,0.25,220,15,taylosa04
618,,Tyrone Taylor,vs LHP,2025,52,0,,102,90,11,19,4,0,6,2,1,9,19,0.211,0.297,0.256,0.553,23,2,2,1,0,1,1,0.268,87,61,tayloty01
619,,Kyle Teel,vs LHP,2025,40,0,,52,43,5,8,2,0,1,0,0,7,20,0.186,0.314,0.233,0.546,10,0,1,1,0,0,2,0.348,40,60,teelky01
620,,Rowdy Tellez,vs LHP,2025,22,0,,24,20,1,1,0,0,2,0,0,3,10,0.05,0.208,0.05,0.258,1,2,1,0,0,0,0,0.1,-13,-20,tellero01
621,,José Tena,vs LHP,2025,11,0,,16,14,3,5,3,0,3,1,0,2,2,0.357,0.438,0.571,1.009,8,0,0,0,0,0,0,0.417,200,186,tenajo01
622,,Matt Thaiss,vs LHP,2025,23,0,,28,24,1,5,2,0,2,0,0,2,6,0.208,0.296,0.292,0.588,7,0,1,1,0,0,0,0.278,86,70,thaisma01
623,,Rhylan Thomas,vs LHP,2025,1,0,,1,0,,0,0,0,1,0,0,0,0,,0.0,,,0,0,0,0,1,0,0,0.0,,,thomarh01
624,,Luis Torrens,vs LHP,2025,36,0,,74,70,6,17,6,1,5,0,0,3,17,0.243,0.284,0.357,0.641,25,3,1,0,0,0,0,0.321,104,82,torrelu01
625,,Taylor Trammell,vs LHP,2025,12,0,,16,13,2,4,1,0,0,0,0,3,5,0.308,0.438,0.385,0.822,5,0,0,0,0,0,0,0.5,164,139,trammta01
626,,Alan Trejo,vs LHP,2025,5,0,,8,8,,0,0,0,0,0,0,0,1,0.0,0.0,0.0,0.0,0,1,0,0,0,0,0,0.0,-100,-100,trejoal01
627,,Chadwick Tromp,vs LHP,2025,4,0,,7,7,1,2,1,0,0,0,0,0,2,0.286,0.286,0.429,0.714,3,0,0,0,0,0,1,0.4,186,101,trompch01
628,,Gio Urshela,vs LHP,2025,24,0,,47,41,2,9,4,0,2,0,0,5,12,0.22,0.298,0.317,0.615,13,3,0,0,1,0,0,0.3,101,77,urshegi01
629,,Enmanuel Valdez,vs LHP,2025,9,0,,11,10,,1,0,0,3,0,0,1,2,0.1,0.182,0.1,0.282,1,0,0,0,0,0,0,0.125,-11,-16,valdeen01
630,,George Valera,vs LHP,2025,5,0,,5,5,,0,0,0,0,0,0,0,0,0.0,0.0,0.0,0.0,0,1,0,0,0,0,0,0.0,-100,-100,valerge01
631,,Christian Vázquez,vs LHP,2025,35,0,,60,51,1,6,1,0,0,1,0,8,12,0.118,0.25,0.137,0.387,7,0,1,0,0,0,0,0.154,42,15,vazquch01
632,,Zac Veen,vs LHP,2025,8,0,,10,8,,0,0,0,0,0,0,2,2,0.0,0.2,0.0,0.2,0,0,0,0,0,0,0,0.0,6,-36,veenza01
633,,Alex Verdugo,vs LHP,2025,17,0,,31,28,2,4,0,0,1,0,0,2,6,0.143,0.226,0.143,0.369,4,1,1,0,0,0,0,0.182,26,9,verdual01
634,,Ryan Vilade,vs LHP,2025,6,0,,11,9,,0,0,0,0,0,0,2,4,0.0,0.182,0.0,0.182,0,1,0,0,0,0,0,0.0,-9,-42,viladry01
635,,David Villar,vs LHP,2025,8,0,,19,16,3,4,1,0,0,0,0,2,3,0.25,0.368,0.313,0.681,5,1,1,0,0,0,0,0.308,127,98,villada01
636,,Jorbit Vivas,vs LHP,2025,5,0,,6,5,3,1,1,0,0,0,0,1,0,0.2,0.333,0.4,0.733,2,0,0,0,0,0,0,0.2,185,109,vivasjo01
637,,LaMonte Wade Jr.,vs LHP,2025,19,0,,29,24,1,2,0,0,1,0,0,4,6,0.083,0.214,0.083,0.298,2,0,0,1,0,0,0,0.111,12,-10,wadela01
638,,Tyler Wade,vs LHP,2025,17,0,,25,21,4,5,0,0,2,0,0,4,11,0.238,0.36,0.238,0.598,5,0,0,0,0,0,0,0.5,111,76,wadety01
639,,Will Wagner,vs LHP,2025,16,0,,20,18,3,3,1,0,0,0,0,1,4,0.167,0.211,0.222,0.433,4,0,0,1,0,0,0,0.214,45,24,wagnewi01
640,,Taylor Walls,vs LHP,2025,61,0,,100,94,8,24,6,0,10,4,4,4,22,0.255,0.28,0.319,0.599,30,1,0,0,2,0,0,0.324,100,71,wallsta01
641,,Donovan Walton,vs LHP,2025,2,0,,2,2,,0,0,0,0,0,0,0,0,0.0,0.0,0.0,0.0,0,0,0,0,0,0,0,0.0,-100,-100,waltodo01
642,,Drew Waters,vs LHP,2025,27,0,,44,40,3,6,0,0,1,0,0,3,13,0.15,0.227,0.15,0.377,6,0,1,0,0,0,2,0.222,26,11,waterdr01
643,,Luke Williams,vs LHP,2025,7,0,,9,9,1,2,1,0,2,1,0,0,3,0.222,0.222,0.333,0.556,3,1,0,0,0,0,0,0.333,198,56,willilu01
644,,Ben Williamson,vs LHP,2025,53,0,,94,85,12,22,5,0,4,1,0,7,19,0.259,0.323,0.318,0.64,27,3,1,1,0,0,1,0.333,112,85,willibe03
645,,Will Wilson,vs LHP,2025,23,0,,49,41,6,9,4,0,1,1,0,4,18,0.22,0.304,0.317,0.621,13,0,1,3,0,0,0,0.391,144,78,wilsowi03
646,,Jesse Winker,vs LHP,2025,5,0,,5,5,1,1,0,1,2,0,0,0,2,0.2,0.2,0.6,0.8,3,0,0,0,0,0,0,0.333,115,117,winkeje01
647,,Jack Winkler,vs LHP,2025,6,0,,13,13,1,3,2,0,0,0,0,0,4,0.231,0.231,0.385,0.615,5,0,0,0,0,0,0,0.333,95,72,winklja01
648,,Brett Wisely,vs LHP,2025,7,0,,9,8,1,2,1,0,2,0,1,1,2,0.25,0.333,0.375,0.708,3,0,0,0,0,0,0,0.333,138,103,wiselbr01
649,,Connor Wong,vs LHP,2025,26,0,,46,39,5,7,1,0,2,0,0,6,12,0.179,0.283,0.205,0.488,8,1,0,0,1,0,0,0.25,94,43,wongco01
650,,Gage Workman,vs LHP,2025,1,0,,1,1,,0,0,0,0,0,0,0,0,0.0,0.0,0.0,0.0,0,0,0,0,0,0,0,0.0,-100,-100,workmga01
651,,Nick Yorke,vs LHP,2025,11,0,,25,24,2,8,2,0,3,0,0,1,4,0.333,0.36,0.417,0.777,10,0,0,0,0,0,1,0.4,167,122,yorkeni01
652,,Masataka Yoshida,vs LHP,2025,23,0,,32,31,1,7,1,0,3,0,0,1,4,0.226,0.25,0.258,0.508,8,2,0,0,0,0,0,0.259,48,46,yoshima02
653,,Cole Young,vs LHP,2025,42,0,,67,59,4,13,4,1,5,1,0,7,14,0.22,0.313,0.322,0.635,19,0,1,0,0,0,0,0.289,109,83,youngco01
654,,Jacob Young,vs LHP,2025,52,0,,103,89,12,20,4,0,3,5,6,11,19,0.225,0.317,0.27,0.586,24,1,1,2,0,0,1,0.286,101,71,youngja03
655,,Jared Young,vs LHP,2025,2,0,,2,2,,1,0,0,0,0,0,0,0,0.5,0.5,0.5,1.0,1,0,0,0,0,0,0,0.5,216,188,youngja02
656,,Brewer Hicklen,vs LHP,2025,,,,,,1,,,,,0,0,,,,,,,,,,,,,,,,,hicklbr01
